date,prediction,position,asset_return,strategy_return,cost,equity,buy_hold_equity
2025-02-19,-0.0007328312589032389,0.0,0.001636192579866691,0.0,0.0,1.0,1.0016361925798667
2025-02-20,-0.001721131082311663,0.0,0.0039204475844325515,0.0,0.0,1.0,1.0055630547715466
2025-02-21,-0.0010027395371439913,-0.05314214622935746,-0.0011389984948948495,-1.9184394773316045e-05,7.97132193440362e-05,0.9999808156052267,1.0044177199656399
2025-02-24,-0.0009783952689392196,0.0,0.006312360008144946,-7.97132193440362e-05,7.97132193440362e-05,0.9999011039151324,1.0107579662126231
2025-02-25,-0.0010002185462042025,0.0,-0.00024281667341163882,-0.0,0.0,0.9999011039151324,1.0105125373256432
2025-02-26,-0.0006402736501821286,0.0,-0.027040155440414382,-0.0,0.0,0.9999011039151324,0.9831881212418703
2025-02-27,-0.00016829616987227766,0.0,-0.01273090364453322,-0.0,0.0,0.9999011039151324,0.9706712480058903
2025-02-28,-0.0008980776931529072,0.0,0.01913190054782965,0.0,0.0,0.9999011039151324,0.9892420337873767
2025-03-03,-0.0005689146517456721,0.0,-0.015754217664571635,-0.0,0.0,0.9999011039151324,0.9736572994641469
2025-03-04,-0.001360507363824193,0.0,-0.008822417342351785,-0.0,0.0,0.9999011039151324,0.965067288419847
2025-03-05,-0.0008237833758827827,0.0,-0.0008053236129360597,-0.0,0.0,0.9999011039151324,0.9642900969444104
2025-03-06,-0.0002769732910892099,0.0,-0.0017392042080257575,-0.0,0.0,0.9999011039151324,0.9626129995500471
2025-03-07,-0.0012423575946497135,0.0,0.01589257638210162,0.0,0.0,0.9999011039151324,0.9779114001718001
2025-03-10,-7.66570747023286e-05,0.0,-0.048479524825364995,-0.0,0.0,0.9999011039151324,0.9305027201701639
2025-03-11,0.0008818000854622653,0.0,-0.029189379286091,-0.0,0.0,0.9999011039151324,0.9033419233443776
2025-03-12,0.0038305988332882467,0.0,-0.017478717623618967,-0.0,0.0,0.9999011039151324,0.8875526649486644
2025-03-13,0.005961529575159359,0.1029405684492115,-0.03364365379297618,-0.003617707698831256,0.00015441085267381725,0.9962837539934287,0.8576921503660981
2025-03-14,0.00391370959074671,0.1545498647568152,0.018170545593285015,0.002730841419538338,7.741394446140555e-05,0.9990044469344471,0.873276884689328
2025-03-17,0.003932943581778129,0.10029761474543086,0.0023888706730994524,0.0001582196554301105,8.137837501707651e-05,0.9991625090738143,0.8753630302286579
2025-03-18,0.005252302866525457,0.10301496743800992,-0.006121495327102822,-0.0006346816708322956,4.076029038868584e-06,0.9985283589431224,0.8700044995295946
2025-03-19,0.0029833580102062002,0.14102105837779946,0.011989280173021921,0.0016337318427778337,5.700913640968432e-05,1.0001596865190445,0.8804352272262446
2025-03-20,0.004674094662045933,0.08060891258176604,-0.005296413306076997,-0.0005175563358805133,9.061821869405014e-05,0.9996420475363944,0.8757720783736246
2025-03-21,0.004969020592648577,0.12945983187216706,0.019476879962634364,0.002448197226421423,7.327637893560152e-05,1.0020893684245873,0.8928293860187345
2025-03-24,0.0017633572656138386,0.13574857125867554,0.011270444861868123,0.0015205136783685157,9.43310907976272e-06,1.0036130590162244,0.9028919703849142
2025-03-25,0.002778638681430904,0.0,0.013681873782449117,-0.0002036228568880133,0.0002036228568880133,1.0034087004579375,0.9152452243629073
2025-03-26,0.0014967948787948306,0.07731241186401817,-0.009921787709497254,-0.0008830459556200325,0.00011596861779602727,1.002522644463164,0.9061643555446474
2025-03-27,0.0005177922453078083,0.0,0.01047262221820966,-0.00011596861779602727,0.00011596861779602727,1.0024063832977765,0.9156542725078739
2025-03-28,0.0016587934573045462,0.0,-0.026580299307571997,-0.0,0.0,1.0024063832977765,0.8913159078823575
2025-03-31,0.0013355594168929163,0.0,0.01941257457549339,0.0,0.0,1.0024063832977765,0.9086186444144474
2025-04-01,0.0005601298952326023,0.0,0.004771980371854223,0.0,0.0,1.0024063832977765,0.9129545547510939
2025-04-02,0.00014681919728538602,0.0,0.003136341233926254,0.0,0.0,1.0024063832977765,0.9158178917658605
2025-04-03,0.0018384527994063996,0.0,-0.09245611684309252,-0.0,0.0,1.0024063832977765,0.8311449257577614
2025-04-04,0.003972229363127207,0.0,-0.07288744524828983,-0.0,0.0,1.0024063832977765,0.7705648954881987
2025-04-07,0.005816587459268332,0.06531760590724854,-0.03673426053721196,-0.0024973703619246756,9.797640886087281e-05,0.9999030033055246,0.7422587638565057
2025-04-08,0.002883020982489839,0.09596323823240616,-0.049818141739226385,-0.004826678652504895,4.596844848773642e-05,0.9950767928248944,0.7052808115515193
2025-04-09,0.001275003530462749,0.0,0.15328848161466202,-0.00014394485734860922,0.00014394485734860922,0.9949335566379003,0.8133922362662083
2025-04-10,0.002309673916008006,0.0,-0.042393764143827006,-0.0,0.0,0.9949335566379003,0.7789094776455187
2025-04-11,0.0017788510598772493,0.0,0.040594475370234306,0.0,0.0,0.9949335566379003,0.8105288992514418
2025-04-14,-0.003336527146834708,0.0,0.022053999495331933,0.0,0.0,0.9949335566379003,0.8284043031864851
2025-04-15,-0.0014746038744665965,0.0,-0.001876357890578828,-0.0,0.0,0.9949335566379003,0.8268499202356117
2025-04-16,0.0019401175684249027,0.0,-0.03893341248639548,-0.0,0.0,0.9949335566379003,0.7946578312267354
2025-04-17,0.001235997585688202,0.0,0.013949657692901463,0.0,0.0,0.9949335566379003,0.8057430359553318
2025-04-21,0.0026432195801262583,0.0,-0.019392831759569518,-0.0,0.0,0.9949335566379003,0.7901173968176053
2025-04-22,-0.00041881049594247576,0.0,0.03406502381445442,0.0,0.0,0.9949335566379003,0.8170327647564117
2025-04-23,-0.002888653825616749,0.0,0.024331631120456443,0.0,0.0,0.9949335566379003,0.8369125046017915
2025-04-24,-0.0006194937987944367,0.0,0.01842619745845564,0.0,0.0,0.9949335566379003,0.8523336196670347
2025-04-25,2.849289155257808e-06,0.0,0.004367231367279345,0.0,0.0,0.9949335566379003,0.8560559577862313
2025-04-28,-0.0014985451619602137,0.0,0.004109327217125314,0.0,0.0,0.9949335566379003,0.8595737718329446
2025-04-29,-0.0014927797405845347,0.0,0.005091843532882834,0.0,0.0,0.9949335566379003,0.8639505869840879
2025-04-30,-0.0021275137429409684,0.0,0.006107665356754,0.0,0.0,0.9949335566379003,0.8692273080541579
2025-05-01,-0.002567054482696163,0.0,0.0038588235294116924,0.0,0.0,0.9949335566379003,0.8725815028428845
2025-05-02,0.0006345185883962219,0.0,-0.03736171010688172,-0.0,0.0,0.9949335566379003,0.8399803656890414
2025-05-05,0.0034690700888512093,0.0,-0.0314584855125396,-0.0,0.0,0.9949335566379003,0.813555855524195
2025-05-06,0.0019388897208164177,0.0,-0.0019106038513750923,-0.0,0.0,0.9949335566379003,0.8120014725733217
2025-05-07,0.0016277630240501598,0.0,-0.011384816885799176,-0.0,0.0,0.9949335566379003,0.8027569844970751
2025-05-08,0.0016659276315980289,0.0,0.006318471337579679,0.0,0.0,0.9949335566379003,0.8078291814946618
2025-05-09,0.0011064403809777593,0.0,0.005266089422249154,0.0,0.0,0.9949335566379003,0.812083282202315
2025-05-12,-0.0008070996403096855,0.0,0.06175389109958185,0.0,0.0,0.9949335566379003,0.8622325847752277
2025-05-13,-0.0004107620041627288,0.0,0.010152284263959421,0.0,0.0,0.9949335566379003,0.8709862150775143
2025-05-14,-0.0008005328123759733,0.0,-0.002817827455032118,-0.0,0.0,0.9949335566379003,0.8685319262077144
2025-05-15,0.00013830340973902387,0.0,-0.004144492064239724,-0.0,0.0,0.9949335566379003,0.8649323025320076
2025-05-16,0.0002069496953638691,0.0,-0.000898557578623782,-0.0,0.0,0.9949335566379003,0.864155111056571
2025-05-19,0.0009324708962609006,0.0,-0.011739089273880454,-0.0,0.0,0.9949335566379003,0.8540107170613978
2025-05-20,0.0029786279398245244,0.0,-0.009196283168885877,-0.0,0.0,0.9949335566379003,0.8461569926780379
2025-05-21,0.0033797875501249833,0.05066803580972931,-0.0230590737696994,-0.001244360029216913,7.600205371459397e-05,0.9936955010882935,0.826645396163128
2025-05-22,0.003987724405259504,0.0580681373370895,-0.003612251966945368,-0.0002208568956037956,1.1100152291040285e-05,0.9934760365847477,0.8236593447048715
2025-05-23,0.004150226568067024,0.0702384865350871,-0.030244338498212175,-0.0021425720861662887,1.82555237969964e-05,0.9913474425604861,0.7987483126764017
2025-05-27,0.0015638187027085333,0.07305366580641916,0.025298304911148595,0.0018439111435409438,4.222768906998083e-06,0.9931753991569442,0.8189552910377548
2025-05-28,0.0030575054292812146,0.0,0.0010488986564105574,-0.00010958049870962873,0.00010958049870962873,0.9930665665013984,0.8198142921421846
2025-05-29,0.0012882375732111214,0.05523981014405738,-0.002345075341782299,-0.00021240123186965073,8.285971521608606e-05,0.992855637939345,0.8178917658608412
2025-05-30,0.001334074191516869,0.0,0.004501125281320295,-8.285971521608606e-05,8.285971521608606e-05,0.9927733702039346,0.8215731991655412
2025-06-02,0.0011041484860035541,0.0,0.004232013940751678,0.0,0.0,0.9927733702039346,0.8250501083977577
2025-06-03,0.001407100782291279,0.0,0.007783837382250969,0.0,0.0,0.9927733702039346,0.8314721642737344
2025-06-04,0.0017501465410327158,0.0,-0.002213804299699973,-0.0,0.0,0.9927733702039346,0.8296314476213843
2025-06-05,0.0020132520645172423,0.0,-0.010797751701015712,-0.0,0.0,0.9927733702039346,0.8206732932466144
2025-06-06,0.0013399017815885548,0.0,0.016398345212580434,0.0,0.0,0.9927733702039346,0.8341309772160177
2025-06-09,0.0021987684516710654,0.0,-0.012112593173793651,-0.0,0.0,0.9927733702039346,0.8240274880353411
2025-06-10,0.00159386546554029,0.0,0.006056093323405287,0.0,0.0,0.9927733702039346,0.8290178754039343
2025-06-11,0.0021984386081111288,0.0,-0.01919376326047262,-0.0,0.0,0.9927733702039346,0.8131059025647313
2025-06-12,0.0012405279806359188,0.0,0.0021128886205854513,0.0,0.0,0.9927733702039346,0.8148239047735911
2025-06-13,0.0026326594841948174,0.0,-0.013805220883534086,-0.0,0.0,0.9927733702039346,0.8035750807870079
2025-06-16,0.001040233425347712,0.06067813121511134,0.01002799694578771,0.0005174629176785754,9.101719682266701e-05,0.9932870936086738,0.8116333292428511
2025-06-17,0.0025495166562749996,0.0,-0.014010684406813856,-9.101719682266701e-05,9.101719682266701e-05,0.9931966874017735,0.8002617908127779
2025-06-18,0.001430432566660771,0.06077230969488038,0.004804743406256584,0.000200836889747139,9.115846454232057e-05,0.9933961579353783,0.8041068433754647
2025-06-20,0.0036839446042886376,0.0,0.02248448468816755,-9.115846454232057e-05,9.115846454232057e-05,0.9933056014669387,0.822186771382991
2025-06-23,0.001374492188116836,0.0891140931612368,0.0024875621890547706,8.800570891794176e-05,0.0001336711397418552,0.9933930180305679,0.8242320121078244
2025-06-24,0.00233247723406751,0.0,-0.005955334987593042,-0.0001336711397418552,0.0001336711397418552,0.9932602300536362,0.8193234343682244
2025-06-25,0.0014198325510357775,0.05916920088329523,0.006290564153769385,0.0002834538527586939,8.875380132494284e-05,0.993541773492637,0.8244774409948044
2025-06-26,0.0014099866915059684,0.0,-0.0027783290335383626,-8.875380132494284e-05,8.875380132494284e-05,0.9934535928834644,0.8221867713829911
2025-06-27,0.0021604905329441,0.0,0.0003980099502487455,0.0,0.0,0.9934535928834644,0.8225140098989644
2025-06-30,0.002220343874258354,0.05886991698749711,0.02034016311915643,0.0011091188388556437,8.830487548124567e-05,0.9945554509788602,0.8392440790281007
2025-07-01,0.0021799840970487877,0.0601868467807367,0.012916118340888127,0.0007754050408950375,1.97539468985938e-06,0.9953266342889988,0.8500838548697174
2025-07-02,0.0015468189094895097,0.05993969538461934,0.022230776633625382,0.0013321352524888427,3.7072709417604323e-07,0.9966525439862763,0.8689818791671773
2025-07-03,0.0014859835336457974,0.0,0.005225004707211545,-8.9909543076929e-05,8.9909543076929e-05,0.99656293541144,0.8735223135763073
2025-07-07,0.0026369639859722314,0.0,-0.016857878716928232,-0.0,0.0,0.99656293541144,0.8587965803575074
2025-07-08,0.0014932378586638673,0.07353893830391674,0.0002857823291260164,-8.929227838592736e-05,0.00011030840745587511,0.9964739500363822,0.8590420092444874
2025-07-09,0.0011596113809819303,0.0,0.005380696157325726,-0.00011030840745587511,0.00011030840745587511,0.9963640305818824,0.8636642532826105
2025-07-10,0.0011075795399765112,0.0,0.006014966373022679,0.0,0.0,0.9963640305818824,0.8688591647236872
2025-07-11,0.001401173417792148,0.0,-0.005884845346264322,-0.0,0.0,0.9963640305818824,0.8637460629116039
2025-07-14,0.0010483267591301403,0.0,-0.012028793332070409,-0.0,0.0,0.9963640305818824,0.8533562400294508
2025-07-15,0.002238755221509839,0.0,0.0023487680951010947,0.0,0.0,0.9963640305818824,0.8553605759397873
2025-07-16,0.0011199622335654519,0.0707172018611845,0.005021280665678196,0.00024901511564465114,0.00010607580279177676,0.996612140286182,0.8596555814619371
2025-07-17,0.0014068021341048366,0.0,-0.0006661591168632963,-0.00010607580279177676,0.00010607580279177676,0.9965064238533291,0.8590829140589838
2025-07-18,0.00114666476782736,0.0,0.00552328349680975,0.0,0.0,0.9965064238533291,0.863827872540597
2025-07-21,0.0021613991451292533,0.0,0.006155885974050479,0.0,0.0,0.9965064238533291,0.8691454984251635
2025-07-22,0.001968452002054207,0.07492259125892826,0.009036144578313365,0.0005646274799091606,0.0001123838868883924,0.9970690787641426,0.8769992228085235
2025-07-23,0.0015626307352200222,0.06948602217993316,-0.0011660447761193682,-8.917866679471827e-05,8.154853618492657e-06,0.9969801614729963,0.8759766024461069
2025-07-24,0.0025959072000659444,0.05649518438995491,-0.0018211533971516092,-0.0001223726536594403,1.9486256684967372e-05,0.996858158364991,0.8743813146807368
2025-07-25,0.0018388103042081701,0.09607635364743511,0.0005613772455090871,-5.436675117066242e-06,5.9371753886220294e-05,0.9968527387710462,0.8748721724546968
2025-07-28,0.0014121817957122478,0.06977063909200396,0.000794838227043293,1.5997799242419158e-05,3.945857183314673e-05,0.9968686862210353,0.8755675543011402
2025-07-29,0.0024051796867346235,0.05493633205607939,-0.012987619715019827,-0.0007357436498362992,2.225146055388685e-05,0.9961352464154275,0.864196015871067
2025-07-30,0.0021021974867181143,0.09302491544758201,-0.010507880910682998,-0.0010346276083368008,5.7132875087253936e-05,0.9951046173878487,0.8551151470528071
2025-07-31,0.004157405472090983,0.08182444638914733,-0.0070796460176991705,-0.0005960888196170182,1.680070358765202e-05,0.9945114466510745,0.8490612345073004
2025-08-01,0.0012384218938999996,0.16460707373960004,-0.02500361323890732,-0.004239945549198936,0.00012417394102567906,0.9902947722692189,0.8278316357835307
2025-08-04,0.0020155681857800573,0.0,0.004792963731593991,-0.00024691061060940004,0.00024691061060940004,0.9900502579823146,0.8317994027897073
2025-08-05,0.0023284192583717714,0.07624687520135622,-0.002114580772067942,-0.0002756004890330862,0.00011437031280203432,0.9897773996470474,0.8300404957663506
2025-08-06,0.0015414069410247886,0.09029916864311795,0.050906761285235635,0.004575759782207798,2.10784401626426e-05,0.9943063832656905,0.8722951691414069
2025-08-07,-0.0002459952087662841,0.0,0.03179366940211015,-0.00013544875296467692,0.00013544875296467692,0.9941717057060124,0.9000286333701466
2025-08-08,0.001139719028455498,0.0,0.04235786029177846,0.0,0.0,0.9941717057060124,0.9381519204810396
2025-08-11,-0.0001516193099319668,0.0,-0.009461521691737418,-0.0,0.0,0.9941717057060124,0.9292755757352631
2025-08-12,0.00048312372889368495,0.0,0.01087243595386922,0.0,0.0,0.9941717057060124,0.9393790649159397
2025-08-13,0.0005068775166457721,0.0,0.016024384933594593,0.0,0.0,0.9941717057060124,0.9544320366507129
2025-08-14,0.0008309131611342412,0.0,-0.0023571765310933523,-0.0,0.0,0.9941717057060124,0.9521822718533962
2025-08-15,0.0004964975654665113,0.0,-0.005112123034624938,-0.0,0.0,0.9941717057060124,0.947314598928293
2025-08-18,0.0013364798760813201,0.0,-0.0030225830130835574,-0.0,0.0,0.9941717057060124,0.9444512619135262
2025-08-19,0.0014737598099697565,0.0,-0.0014292520247736196,-0.0,0.0,0.9941717057060124,0.9431014030351363
2025-08-20,0.0021262534623194365,0.0,-0.019734559333795976,-0.0,0.0,0.9941717057060124,0.9244897124391532
2025-08-21,0.0019628436812586234,0.06199093646089782,-0.0049112871111897105,-0.0003974416919423345,9.298640469134674e-05,0.9937765804212154,0.9199492780300234
2025-08-22,0.0008898248874243251,0.05841633820681848,0.012716763005780285,0.0007375048312604996,5.361897381119019e-06,0.9945094954504696,0.9316480549760698
2025-08-25,0.00205844981072634,0.0,-0.0026343519494204104,-8.762450731022772e-05,8.762450731022772e-05,0.9944223520459154,0.9291937661062699
2025-08-26,0.0019718173695627257,0.06361016107877132,0.009464694488466208,0.0005066354993545376,9.541524161815698e-05,0.9949261617108136,0.9379883012230531
2025-08-27,0.0005806949003696116,0.062169419112658234,0.005145872399808127,0.00031775478497476223,2.1611129491696317e-06,0.9952423042593939,0.9428150693336598
2025-08-28,0.0005687807115858444,0.0,0.008980866848887104,-9.325412866898736e-05,9.325412866898736e-05,0.9951494938054957,0.9512823659344697
2025-08-29,0.0011557405451420612,0.0,-0.001805985552115641,-0.0,0.0,0.9951494938054957,0.9495643637256097
2025-09-02,0.001201443339960391,0.0,-0.010424743689153027,-0.0,0.0,0.9951494938054957,0.9396653986174165
2025-09-03,0.00018066040152959548,0.0,0.038089848511231095,0.0,0.0,0.9951494938054957,0.9754571113019994
2025-09-04,0.00037292797610027716,0.0,0.005493353461651473,0.0,0.0,0.9951494938054957,0.9808156420010627
2025-09-05,0.0001722699778227946,0.0,-0.00037534406539330156,-0.0,0.0,0.9951494938054957,0.9804474986705928
2025-09-08,0.0006745476591916891,0.0,-0.007551420584922197,-0.0,0.0,0.9951494938054957,0.9730437272466962
2025-09-09,0.0015323342878627417,0.0,-0.014839414831007258,-0.0,0.0,0.9951494938054957,0.958604327729373
2025-09-10,0.002045236935907651,0.0,-0.03225944100704081,-0.0,0.0,0.9951494938054957,0.9276802879698932
2025-09-11,0.0014013553338232242,0.06038965277262311,0.014286344195070466,0.0007721628861715507,9.058447915893467e-05,0.9959179113108048,0.9409334478668132
2025-09-12,0.0007355987610118945,0.0,0.017562926574794524,-9.058447915893467e-05,9.058447915893467e-05,0.9958276966055236,0.9574589929234663
2025-09-15,-3.097130158661052e-05,0.0,0.011235955056179803,0.0,0.0,0.9958276966055236,0.9682169591360895
2025-09-16,0.0002819421660730572,0.0,0.006125897760878907,0.0,0.0,0.9958276966055236,0.9741481572381062
2025-09-17,8.323387937874456e-06,0.0,0.0035271887465881946,0.0,0.0,0.9958276966055236,0.9775841616558261
2025-09-18,0.0007024793665016411,0.0,-0.004644545796895327,-0.0,0.0,0.9958276966055236,0.9730437272466961
2025-09-19,-5.026222713116122e-05,0.0,0.03203295779384563,0.0,0.0,0.9958276966055236,1.0042131958931557
2025-09-22,0.0001019875559339712,0.0,0.04309572301425657,0.0,0.0,0.9958276966055236,1.0474904896306285
2025-09-23,0.00020764425701309908,0.0,-0.006443298969072031,-0.0,0.0,0.9958276966055236,1.0407411952386787
2025-09-24,-0.0001674041588743668,0.0,-0.008332350744802097,-0.0,0.0,0.9958276966055236,1.0320693745653855
2025-09-25,-0.0006319236781224346,0.0,0.01807300542982837,0.0,0.0,0.9958276966055236,1.0507219699758652
2025-09-26,9.107561151707263e-05,0.0,-0.00548915793981386,-0.0,0.0,0.9958276966055236,1.0449543911318353
2025-09-29,-0.0005927716164387735,0.0,-0.0040319423784546116,-0.0,0.0,0.9958276966055236,1.0407411952386787
2025-09-30,-0.0003418873088076273,0.0,0.0007860708249813886,0.0,0.0,0.9958276966055236,1.041559291528612
2025-10-01,0.000655627509686862,0.0,0.0032203589522050713,0.0,0.0,0.9958276966055236,1.0449134863173386
2025-10-02,-0.00025451895717378686,0.0,0.0065766294773927925,0.0,0.0,0.9958276966055236,1.0517854951527785
2025-10-03,-0.0008677133080053857,0.0,0.0034612841753198786,0.0,0.0,0.9958276966055236,1.0554260236429818
2025-10-06,-0.0009474438097641535,0.0,-0.005154639175257714,-0.0,0.0,0.9958276966055236,1.0499856833149253
2025-10-07,-0.0008298084129958871,0.0,-0.000818107444777616,-0.0,0.0,0.9958276966055236,1.0491266822104954
2025-10-08,-0.000802785927422382,0.0,0.006160324391765393,0.0,0.0,0.9958276966055236,1.0555896429009686
2025-10-09,-0.0004824752545539451,0.0,-0.01557777261102078,-0.0,0.0,0.9958276966055236,1.0391459074733087
2025-10-10,-0.0008336876638190414,0.0,-0.03452212250039355,-0.0,0.0,0.9958276966055236,1.0032723851597325
2025-10-13,-0.0013517914534080363,0.0,0.009744363354670327,0.0,0.0,0.9958276966055236,1.0130486358244357
2025-10-14,-0.001349875106026335,0.0,0.0004441573124445153,0.0,0.0,0.9958276966055236,1.013498588783899
2025-10-15,-0.001142867417251546,0.0,0.006336521774226167,0.0,0.0,0.9958276966055236,1.0199206446598756
2025-10-16,-0.0012103906582038833,0.0,-0.007580011229646355,-0.0,0.0,0.9958276966055236,1.0121896347200057
2025-10-17,0.00026801568672334396,0.0,0.0195595069711052,0.0,0.0,0.9958276966055236,1.031987564936392
2025-10-20,-0.0003674527493732637,0.0,0.03943874113123802,0.0,0.0,0.9958276966055236,1.0726878553605752
2025-10-21,-0.00033560295796247915,0.0,0.0020210494203782847,0.0,0.0,0.9958276966055236,1.0748558105288986
2025-10-22,-0.0005395481655174086,0.0,-0.016440232903299434,-0.0,0.0,0.9958276966055236,1.0571849306663388
2025-10-23,-0.0006808593982843195,0.0,0.0043722189978718795,0.0,0.0,0.9958276966055236,1.061807174704462
2025-10-24,-0.0009651906936671637,0.0,0.012481701209646312,0.0,0.0,0.9958276966055236,1.0750603346013818
2025-10-27,-0.0014344333525731577,0.0,0.02279126398295417,0.0,0.0,0.9958276966055236,1.099562318484885
2025-10-28,-0.001689219477853088,0.0,0.0007068189427477112,0.0,0.0,0.9958276966055236,1.1003395099603217
2025-10-29,-0.0016568122781167947,-0.05344343900986963,0.0026022304832713505,-0.00021923730463714044,8.016515851480445e-05,0.9956093740254368,1.1032028469750883
2025-10-30,-0.0017674245821576462,-0.05373606720277763,0.006303299962921782,-0.0003391534926961927,4.389422893620078e-07,0.995271709628875,1.1101566654395216
2025-10-31,-0.001305025922885821,-0.05873848998310766,-0.0037951363301399477,0.00021541694314195823,7.503634170495044e-06,0.9954861080181588,1.105943469546365
2025-11-03,-0.0012109610746760284,0.0,-0.004882198468765031,-8.81077349746615e-05,8.81077349746615e-05,0.9953983979919826,1.100544034032805
2025-11-04,-0.0015204534761594163,0.0,0.0036796134547483206,0.0,0.0,0.9953983979919826,1.104593610667975
2025-11-05,-0.0013021457077127903,-0.05366432369153355,0.00037031550881327924,-0.00010036921687025109,8.049648553730033e-05,0.9952984906343022,1.1050026588129414
2025-11-06,-0.0010432737579328364,0.0,-0.0013696601762049898,-8.049648553730033e-05,8.049648553730033e-05,0.9952183726037456,1.1034891806765645
2025-11-07,-0.0003763382829659325,0.0,-0.004818919820587686,-0.0,0.0,0.9952183726037456,1.0981715547919981
2025-11-10,-0.0007862332505170162,0.0,0.003575818527209673,0.0,0.0,0.9952183726037456,1.102098416983678
2025-11-11,-0.0011917556349498213,0.0,0.021601158000222664,0.0,0.0,0.9952183726037456,1.1259050190207378
2025-11-12,-0.0011825791599161105,0.0,-0.006466848319709229,-0.0,0.0,0.9952183726037456,1.1186239620403313
2025-11-13,-0.0009744524957710558,0.0,-0.0019014882802502742,-0.0,0.0,0.9952183726037456,1.1164969116865044
2025-11-14,-0.0005237756581400679,0.0,-0.0019783843194722817,-0.0,0.0,0.9952183726037456,1.1142880517036846
2025-11-17,4.515403872795642e-05,0.0,-0.01817113909181034,-0.0,0.0,0.9952183726037456,1.0940401685278347
2025-11-18,0.0006774251362258865,0.0,-7.477753682783028e-05,-0.0,0.0,0.9952183726037456,1.0939583588988415
2025-11-19,0.0009670510936744331,0.0,0.004187855219862424,0.0,0.0,0.9952183726037456,1.0985396981224682
2025-11-20,0.0002125157634569294,0.0,-0.008601429848078657,-0.0,0.0,0.9952183726037456,1.0890906859737384
2025-11-21,0.0006639361129793424,0.0,0.019680751173708932,0.0,0.0,0.9952183726037456,1.1105248087699915
2025-11-24,-0.00034094928121093773,0.0,0.01631735975542381,0.0,0.0,0.9952183726037456,1.1286456415920147
2025-11-25,-0.00012025533041470004,0.0,0.003805450855320469,0.0,0.0,0.9952183726037456,1.1329406471141648
2025-11-26,0.00027988104038287966,0.0,0.002094089612593386,0.0,0.0,0.9952183726037456,1.1353131263549714
2025-11-28,0.00043030804487269677,0.0,0.004683840749414525,0.0,0.0,0.9952183726037456,1.140630752239538
2025-12-01,0.00037591911720235487,0.0,0.01524116908732287,0.0,0.0,0.9952183726037456,1.1580152984006211
2025-12-02,-0.0007613521129395459,0.0,0.010914871070293097,0.0,0.0,0.9952183726037456,1.170654886080091
2025-12-03,-0.000121709285434338,0.0,-0.007128131660784853,-0.0,0.0,0.9952183726037456,1.162310303922771
2025-12-04,-7.421105110875872e-05,0.0,-0.012141474573288735,-0.0,0.0,0.9952183726037456,1.148198142921421
2025-12-05,0.00032199404289151107,0.0,-0.006840042750267283,-0.0,0.0,0.9952183726037456,1.140344418538061
2025-12-08,0.0003680905067521258,0.0,-0.003192481526651747,-0.0,0.0,0.9952183726037456,1.1367038900478577
2025-12-09,0.0009740077395435158,0.0,-0.0025549677930115644,-0.0,0.0,0.9952183726037456,1.1337996482185944
2025-12-10,0.0008137342108142008,0.0,0.005772422252687592,0.0,0.0,0.9952183726037456,1.1403444185380607
2025-12-11,0.00035939103499133657,0.0,-0.0026902934213358654,-0.0,0.0,0.9952183726037456,1.1372765574508106
2025-12-12,0.0004740863918390804,0.0,0.0008991835413445504,0.0,0.0,0.9952183726037456,1.1382991778132274
2025-12-15,-0.0008618219258041753,0.0,-0.014984907287623805,-0.0,0.0,0.9952183726037456,1.1212418701681177
2025-12-16,-0.0003061728647398156,0.0,0.001824085221261429,0.0,0.0,0.9952183726037456,1.123287110892951
2025-12-17,-0.00028693148058363797,0.0,-0.010087032518845018,-0.0,0.0,0.9952183726037456,1.1119564772773742
2025-12-18,-0.0007851215111207386,0.0,0.0012875220718069347,0.0,0.0,0.9952183726037456,1.1133881457847576
2025-12-19,5.571427671139734e-05,0.0,0.0054373783019214805,0.0,0.0,0.9952183726037456,1.1194420583302642
2025-12-22,0.00019903907506252843,0.0,-0.00986589688310735,-0.0,0.0,0.9952183726037456,1.1083977584161644
2025-12-23,-0.00034264891357430613,0.0,0.005129719157102253,0.0,0.0,0.9952183726037456,1.1140835276312009
2025-12-24,-0.00042177920181170174,0.0,0.005323836099280221,0.0,0.0,0.9952183726037456,1.1200147257332174
2025-12-26,-0.000649327843480978,0.0,-0.0014973887001936692,-0.0,0.0,0.9952183726037456,1.118337628338854
2025-12-29,-0.00045074055373559246,0.0,0.0013167520117045584,0.0,0.0,0.9952183726037456,1.119810201660734
2025-12-30,-0.0004133946430791441,0.0,-0.002483927527761609,-0.0,0.0,0.9952183726037456,1.1170286742749607
2025-12-31,0.0001144453774175621,0.0,-0.004467555295151526,-0.0,0.0,0.9952183726037456,1.1120382869063674
2026-01-02,-0.00029517626368806766,0.0,-0.003126609284190507,-0.0,0.0,0.9952183726037456,1.1085613776741507
2026-01-05,-0.0010161386242753315,0.0,-0.01383712778126267,-0.0,0.0,0.9952183726037456,1.093222072237901
2026-01-06,-0.0004633595712858028,-0.055964693160199176,-0.018334206390780428,0.0009421211952554908,8.394703974029877e-05,0.9961559889264832,1.0731787131345345
2026-01-07,0.0003013327962576694,0.0,-0.007737459978655381,-8.394703974029877e-05,8.394703974029877e-05,0.9960723645800932,1.0648750357917112
2026-01-08,-0.0001701625889806567,0.0,-0.004955249106902593,-0.0,0.0,0.9960723645800932,1.0595983147216415
2026-01-09,0.0003095713828158308,0.0,0.0012739345274861424,0.0,0.0,0.9960723645800932,1.0609481736000315
2026-01-12,-6.374379485861804e-05,0.0,0.0033928364884141526,0.0,0.0,0.9960723645800932,1.064547797275738
2026-01-13,-0.0007551001793311618,0.0,0.00307396733909715,0.0,0.0,0.9960723645800932,1.0678201824354714
2026-01-14,8.42182548504255e-05,0.0,-0.0041754453169892125,-0.0,0.0,0.9960723645800932,1.0633615576553346
2026-01-15,-0.00019031829617502128,0.0,-0.006731804893060467,-0.0,0.0,0.9960723645800932,1.056203215118418
2026-01-16,0.0007990318366472847,0.0,-0.010379148754889322,-0.0,0.0,0.9960723645800932,1.0452407248333115
2026-01-20,0.0012075729046488967,0.0,-0.03455562947599111,-0.0,0.0,0.9960723645800932,1.0091217736327553
2026-01-21,0.0018997669424611213,0.05516085306459817,0.0038508309687881326,0.00012967384164902913,8.274127959689726e-05,0.9962015291101687,1.0130077310099388
2026-01-22,0.0027296872847303783,0.08790045534870938,0.0028265697557035008,0.00019934736517506112,4.910940342616682e-05,0.9964001192601802,1.0158710680247054
2026-01-23,0.002355662536465049,0.12841546238926305,-0.0012482383732635993,-0.00022106561843549712,6.07725105608305e-05,0.9961798494516068,1.0146030187753088
2026-01-26,0.0006312732360923414,0.11353431959347335,0.029712949524270282,0.0033511177931595595,2.2321714193684548e-05,0.999518165470291,1.0447498670593518
2026-01-27,0.0012014550110463998,0.0,0.011197682158098576,-0.00017030147939021002,0.00017030147939021002,0.999347946048034,1.0564486440053982
2026-01-28,0.0005983247426642115,0.0,-0.0070856080845626,-0.0,0.0,0.999347946048034,1.0489630629525084
2026-01-29,0.000586665564050877,0.0,0.007175167680548933,0.0,0.0,0.999347946048034,1.0564895488198949
2026-01-30,0.0004035699985802931,0.0,0.004646120489391503,0.0,0.0,0.999347946048034,1.061398126559495
2026-02-02,0.0016123955877102411,0.0,0.040581162324649256,0.0,0.0,0.999347946048034,1.1044708962244845
2026-02-03,0.0007843472785817867,0.055921318331195215,-0.0019628902633235246,-0.00019364938876131123,8.388197749679282e-05,0.9991544229291219,1.1023029410561611
2026-02-04,0.00024218006035132196,0.0,0.026013062193854797,-8.388197749679282e-05,8.388197749679282e-05,0.999070611880302,1.130977216018324
2026-02-05,0.00010719463221982497,0.0,-0.0020977250533472658,-0.0,0.0,0.999070611880302,1.1286047367775174
2026-02-06,-0.0004894716076690597,0.0,0.00800985828712264,0.0,0.0,0.999070611880302,1.1376447007812807
2026-02-09,-0.00036277631842554996,0.0,-0.01258449590104993,-0.0,0.0,0.999070611880302,1.1233280157074474
2026-02-10,0.0004324840592735046,0.0,-0.0034229116597480624,-0.0,0.0,0.999070611880302,1.1194829631447607
2026-02-11,0.0004441381846972999,0.0,0.006650102309266215,0.0,0.0,0.999070611880302,1.1269276393831538
2026-02-12,-0.0017852938447849227,0.0,-0.04998185117967324,-0.0,0.0,0.999070611880302,1.0706017098212446
2026-02-13,0.0009288362200801015,-0.050818943134003355,-0.022733351163412796,0.0010790564653177987,7.622841470100504e-05,1.0001486654833605,1.0462633451957282
2026-02-17,-0.0011811443846157196,0.0,0.03166783954961283,-7.622841470100504e-05,7.622841470100504e-05,1.0000724257361253,1.0793962449380277
2026-02-18,-0.000565411381899044,0.0,0.0017811126269517974,0.0,0.0,1.0000724257361253,1.081318771219371
2026-02-19,-0.0006560513525479156,0.0,-0.01426139587667874,-0.0,0.0,1.0000724257361253,1.0658976561541278
2026-02-20,-0.0009392907344564799,0.0,0.015350372246526911,0.0,0.0,1.0000724257361253,1.0822595819527943
2026-02-23,-0.0002615574327215191,0.0,0.0060473202812005855,0.0,0.0,1.0000724257361253,1.088804352272261
2026-02-24,0.00023915483146760217,0.0,0.022390863325569166,0.0,0.0,1.0000724257361253,1.1131836217122741
2026-02-25,-0.0004728483397211996,0.0,0.007679870654810239,0.0,0.0,1.0000724257361253,1.1217327279420777
2026-02-26,-0.00021327548728545593,0.0,-0.00466761477591815,-0.0,0.0,1.0000724257361253,1.1164969116865042
2026-02-27,-0.0008590630841423093,0.0,-0.03213042681809852,-0.0,0.0,1.0000724257361253,1.080623389372928
2026-03-02,0.0003280086036556395,0.0,0.002044060867590458,0.0,0.0,1.0000724257361253,1.0828322493557483
2026-03-03,0.000619154501045584,0.0,-0.0036642490178302456,-0.0,0.0,1.0000724257361253,1.0788644823495717
2026-03-04,0.0002830828324382833,0.0,-0.004663507109004761,-0.0,0.0,1.0000724257361253,1.0738331901664817
2026-03-05,0.0007317078451427341,0.0,-0.00849459088831317,-0.0,0.0,1.0000724257361253,1.0647114165337253
2026-03-06,0.0015766829311469794,0.0,-0.010872488378347422,-0.0,0.0,1.0000724257361253,1.0531353540311685
2026-03-09,0.0002841567774291642,0.0,0.009399518371785875,0.0,0.0,1.0000724257361253,1.0630343191393616
2026-03-10,-0.000581649946143008,0.0,0.003655533323072113,0.0,0.0,1.0000724257361253,1.0669202765165449
2026-03-11,-0.0006173990597001673,0.0,-7.66782962081658e-05,-0.0,0.0,1.0000724257361253,1.0668384668875517
2026-03-12,-0.0002980042671137244,0.0,-0.01936275449560987,-0.0,0.0,1.0000724257361253,1.0461815355667352
2026-03-13,-0.0004895533091830632,0.0,-0.02205192367844855,-0.0,0.0,1.0000724257361253,1.0231112201906154
2026-03-16,-1.95870608115526e-05,0.0,0.010794818487126046,0.0,0.0,1.0000724257361253,1.0341555201047152
2026-03-17,-0.0003498650033018323,0.0,0.005577090420061603,0.0,0.0,1.0000724257361253,1.0399230989487451
2026-03-18,-0.0010073925188975048,0.0,-0.016874483735200396,-0.0,0.0,1.0000724257361253,1.0223749335296752
2026-03-19,0.00019745411795811881,0.0,-0.00392094102584617,-0.0,0.0,1.0000724257361253,1.018366261709002
2026-03-20,0.0004922995131956507,0.0,-0.003896208226221054,-0.0,0.0,1.0000724257361253,1.0143984947028253
2026-03-23,-0.0007079221499970083,0.0,0.014113472317432096,0.0,0.0,1.0000724257361253,1.0287151797766585
2026-03-24,0.0015788486172548177,0.0,0.0005964451866873333,0.0,0.0,1.0000724257361253,1.0293287519941086
2026-03-25,0.0012959116369805498,0.05482039946234852,0.003894452392306569,0.00013126483663982217,8.223059919352278e-05,1.0002037000797175,1.0333374238147819
2026-03-26,0.0006770940279424658,0.0,0.0010687989866200454,-8.223059919352278e-05,8.223059919352278e-05,1.0001214527301443,1.0344418538061917
2026-03-27,-0.0007824837823643175,0.0,-0.016173039661512845,-0.0,0.0,1.0001214527301443,1.0177117846770554
2026-03-30,0.0008295792031447247,0.0,-0.008721864951768521,-0.0,0.0,1.0001214527301443,1.0088354399312787
2026-03-31,-0.0007160669608665303,0.0,0.02903134249685757,0.0,0.0,1.0001214527301443,1.0381232871108916
2026-04-01,-0.001267349153878674,0.0,0.0072500886559754285,0.0,0.0,1.0001214527301443,1.0456497729782783
2026-04-02,-0.00042515722356779607,0.0,0.0011344521378555683,0.0,0.0,1.0001214527301443,1.0468360125986818
2026-04-06,-0.00011847318578556287,0.0,0.01148796498905913,0.0,0.0,1.0001214527301443,1.0588620280607017
2026-04-07,-0.0009976114622097367,0.0,-0.020706173221046176,-0.0,0.0,1.0001214527301443,1.0369370474904887
2026-04-08,9.313969702301742e-05,0.0,0.02130177514792897,0.0,0.0,1.0001214527301443,1.0590256473186883
2026-04-09,-9.461751966867403e-07,0.0,0.006141367323291069,0.0,0.0,1.0001214527301443,1.0655295128236584
2026-04-10,0.0002685167149676602,0.0,-3.838918960419324e-05,-0.0,0.0,1.0001214527301443,1.0654886080091617
2026-04-13,0.0012206142423578424,0.0,-0.004914004914005066,-0.0,0.0,1.0001214527301443,1.0602527917535882
2026-04-14,0.0002964656402933815,0.0,-0.001427469135802495,-0.0,0.0,1.0001214527301443,1.0587393136172116
2026-04-15,0.0004677095209150478,0.0,0.029362902291079074,0.0,0.0,1.0001214527301443,1.0898269726346779
2026-04-16,0.0008212340223516348,0.0,-0.011372593176444235,-0.0,0.0,1.0001214527301443,1.0774328138421878
2026-04-17,0.0006339294897016975,0.0,0.025930144267274358,0.0,0.0,1.0001214527301443,1.105370802143411
2026-04-20,0.0006463075280622483,0.0,0.010435554897679777,0.0,0.0,1.0001214527301443,1.1169059598314708
2026-04-21,0.0010714678358404478,0.0,-0.025196850393700787,-0.0,0.0,1.0001214527301443,1.0887634474577645
2026-04-22,0.00059411562537868,0.0,0.026298981853702497,0.0,0.0,1.0001214527301443,1.117396817605431
2026-04-23,0.0015532101172638798,0.0,0.0009517882637184449,0.0,0.0,1.0001214527301443,1.118460342782344
2026-04-24,-0.000375204642067908,0.0,-0.008667666313133204,-0.0,0.0,1.0001214527301443,1.108765901746634
2026-04-27,-0.0002355683966368034,0.0,-0.01272780934110529,-0.0,0.0,1.0001214527301443,1.094653740745284
2026-04-28,0.0015061195332568362,0.0,0.011584021523859178,0.0,0.0,1.0001214527301443,1.1073342332392504
2026-04-29,0.0008507479034355384,0.0,-0.001994754534372478,-0.0,0.0,1.0001214527301443,1.1051253732564306
2026-04-30,0.0003616262646750175,0.0,0.004367620387163651,0.0,0.0,1.0001214527301443,1.1099521413670372
2026-05-01,0.0009833701858261551,0.0,0.032393587617468134,0.0,0.0,1.0001214527301443,1.1459074733096066
2026-05-04,0.001006878066645769,0.0,-0.011815520811023106,-0.0,0.0,1.0001214527301443,1.13236797971121
2026-05-05,-0.00017516368554936978,0.0,0.02655059061517906,0.0,0.0,1.0001214527301443,1.16243301836626
2026-05-06,-0.00098701982457597,0.0,0.011717925258638795,0.0,0.0,1.0001214527301443,1.1760543215936496
2026-05-07,-3.7913477874657076e-05,0.0,-0.0002434697923550111,-0.0,0.0,1.0001214527301443,1.175767987892173
2026-05-08,-0.0011769942147945751,0.0,0.020456443083773923,0.0,0.0,1.0001214527301443,1.1998200188162125
2026-05-11,-0.001174023616369493,0.0,-0.002181917359879937,-0.0,0.0,1.0001214527301443,1.1972021106884259
2026-05-12,-0.0016775046170275918,0.0,0.007243405767391131,0.0,0.0,1.0001214527301443,1.2058739313617193
2026-05-13,-0.0021593817856724136,-0.05616106703073712,0.013805970149253666,-0.0008595996155226966,8.424160054610569e-05,0.9992617487139014,1.2225221908618624
2026-05-14,-0.0015822481125409827,-0.07339995082081702,-0.0022083179977917533,0.00013623210674951994,2.5858325685119843e-05,0.9993978802471228,1.2198224731050824
2026-05-15,-0.0010979627612745918,-0.05483650175491801,0.006773750041916937,-0.0003992939296598026,2.7845173598848508e-05,0.9989988267402253,1.2280852456334093
2026-05-18,-0.0007363043062256182,0.0,-0.0079605635679314,-8.225475263237702e-05,8.225475263237702e-05,0.9989166543388518,1.2183089949687058
2026-05-19,-0.0014281617422512527,0.0,0.0037939833467635076,0.0,0.0,0.9989166543388518,1.2229312390068292
2026-05-20,-0.001592851717422749,-0.05229108158167815,0.010971000434826239,-0.0006521221011426425,7.843662237251723e-05,0.998265238711358,1.2363480181617357
2026-05-21,-0.001271207029404673,-0.059409705087919124,0.009065343258891634,-0.0005492473047908691,1.0677935259361455e-05,0.9977169442195293,1.247555937333822
2026-05-22,-0.0018277324124173896,0.0,0.012557788779959944,-8.911455763187869e-05,8.911455763187869e-05,0.9976280331154034,1.263222481286045
2026-05-26,-0.0015259899588027192,-0.07078766748143303,-0.0015866848002072942,6.1362148127683865e-06,0.00010618150122214955,0.9976341547753178,1.2612181453757083
2026-05-27,-0.001808414387531637,-0.060220278970217804,0.008173061330392972,-0.000508035116123787,1.585108276682284e-05,0.9971273215916475,1.2715261586288684
2026-05-28,-0.0016676835641720547,-0.0730276319335228,0.005340196236126582,-0.0004091929146295933,1.921102944495749e-05,0.9967193041566687,1.2783163578353147
2026-05-29,-0.001628001221130628,-0.0690459856101379,-0.0014399539214744461,9.345056825630892e-05,5.97246948507734e-06,0.9968124481420342,1.2764756411829647
2026-06-01,-0.0021043946654335055,-0.06865675581390496,-0.018425943728770156,0.0012644816745325765,5.838446943494183e-07,0.9980728992156558,1.2529553728473817
2026-06-02,-0.0013846155201256692,-0.08343678439265884,0.02902288531226538,-0.002443746267120482,2.2170042868130818e-05,0.9956338622938834,1.2893197529349179
2026-06-03,-0.0019994024786158223,-0.051366013439757864,-0.015672588832487344,0.0007569322521759924,4.8106156429351457e-05,0.9963874896756123,1.2691127745735646
2026-06-04,-0.0018182160533517676,-0.07204504954641837,0.0031264101076518003,-0.0002562609252681879,3.101855415999076e-05,0.9961321544955823,1.2730805415797415
2026-06-05,-0.002393238855515997,-0.06717336128591744,-0.012498795103299987,0.0008322785467218745,7.307532390751388e-06,0.9969612139174688,1.257168568740538
2026-06-08,-0.002496165616972148,-0.08759443042573149,-0.01887160799114973,0.0016224161494927225,3.0631603709721075e-05,0.9985786998913463,1.233443776332472
2026-06-09,-0.0010072419728607731,-0.0882122155011982,-0.0364462426212111,0.0032140771306980284,9.266776132000679e-07,1.0017882088538692,1.1884893852006357
2026-06-10,-4.463421608584619e-05,0.0,0.0035450008604369643,-0.00013231832325179732,0.00013231832325179732,1.0016556539178203,1.1927025810937921
2026-06-11,-0.0009797325535889714,0.0,0.013889841552918725,0.0,0.0,1.0016556539178203,1.209269030964942
2026-06-12,-0.000995337886161331,0.0,-0.015221729865034006,-0.0,0.0,1.0016556539178203,1.1908618644414424
2026-06-15,-0.002034179227513733,0.0,0.018170576718304687,0.0,0.0,1.0016556539178203,1.212500511310179
2026-06-16,-0.001721880289591721,-0.06424312869886518,0.009513528102017332,-0.000707543503286468,9.636469304829777e-05,1.0009469389673606,1.2240356689982388
2026-06-17,-0.0019529240171876627,-0.05534084500631255,-0.010994519449271545,0.0005950925712221965,1.3353425538828956e-05,1.0015425950549277,1.2105779850288356
2026-06-18,-0.0016254702994353643,-0.06338012932858801,0.006960635242439617,-0.0004532248883583637,1.2058926483413196e-05,1.0010886710240978,1.2190043768151488
2026-06-22,-0.0005562074146042258,-0.05386108938387966,-0.0033555920942249795,0.00016645728580582902,1.427855991706253e-05,1.0012553095271275,1.2149138953654823
2026-06-23,-0.0016550657030269963,0.0,-0.009124271910036619,-8.079163407581948e-05,8.079163407581948e-05,1.0011744164745437,1.2038286906368858
2026-06-24,-0.0018727105002524745,-0.05690554733908837,-0.0041454298335033,0.00015053963262265873,8.535832100863255e-05,1.001325132903391,1.1988383032682925
2026-06-25,0.0006498683731412512,-0.06587036189090377,-0.061177835403302905,0.004016358935889984,1.3447221827723101e-05,1.0053468140486588,1.12549597087577
2026-06-26,4.8074826555808824e-05,0.0,0.03136471015809561,-9.880554283635566e-05,9.880554283635566e-05,1.0052474802109579,1.1607968257863928
2026-06-29,-0.0003707006812542642,0.0,-0.0071886672774683635,-0.0,0.0,1.0052474802109579,1.152452243629073
2026-06-30,-0.001831249515456366,0.0,0.027046212820330817,0.0,0.0,1.0052474802109579,1.1836217122755326
2026-07-01,-0.0003909051671600523,0.0,0.017348631462537956,0.0,0.0,1.0052474802109579,1.204155929152859
2026-07-02,-0.0005547857314175546,0.0,0.048406821115564824,0.0,0.0,1.0052474802109579,1.2624452898106082
2026-07-06,-0.0009092400491334439,0.0,0.013057706639017619,0.0,0.0,1.0052474802109579,1.2789299300527648
2026-07-07,-0.0009994471635153778,0.0,-0.006396724876863047,-0.0,0.0,1.0052474802109579,1.2707489671534316
2026-07-08,-0.002033904383096792,0.0,0.008787742226227913,0.0,0.0,1.0052474802109579,1.2819159815110213
2026-07-09,-0.001698474813260846,0.0,0.009030281757554715,0.0,0.0,1.0052474802109579,1.293492044013578
2026-07-10,-0.0010437783002212578,0.0,-0.0028461197900196966,-0.0,0.0,1.0052474802109579,1.2898106107088778
2026-07-13,-0.0016891383603082745,0.0,0.006311049092984966,0.0,0.0,1.0052474802109579,1.2979506687937146
2026-07-14,-0.0015484521080547098,0.0,-0.007721155967350457,-0.0,0.0,1.0052474802109579,1.2879289892420314
2026-07-15,-0.00213997811034695,0.0,0.040144826271993894,0.0,0.0,1.0052474802109579,1.3396326747658174
2026-07-16,-0.0024617982203729376,-0.05262169605534721,0.017587786259541938,-0.0010044316869190486,7.893254408302082e-05,1.0042377777886384,1.363193847915897
2026-07-17,-0.0023263437765265664,-0.06145019348981551,0.0014403168697114666,-0.00010175049648211747,1.324274615170245e-05,1.0041355960961624,1.365157279011737
2026-07-20,-0.0011465509811544388,-0.059488538085037596,-0.0214238628872776,0.0012715318001912702,2.9424831071668685e-06,1.0054123864383027,1.3359103366466205
2026-07-21,-0.00124009290615371,0.0,0.003521234575461607,-8.923280712755639e-05,8.923280712755639e-05,1.00532267066874,1.340614390313737
2026-07-22,-0.0016368585365883438,0.0,-0.005644718374321123,-0.0,0.0,1.00532267066874,1.333046999631854
2026-07-23,-0.0006364180783214124,0.0,-0.012979839823253125,-0.0,0.0,1.00532267066874,1.3157442630997642
2026-07-24,-0.0007515856741676104,0.0,0.03531679413044819,0.0,0.0,1.00532267066874,1.3622121323679768
2026-07-27,-0.0010270719298569179,0.0,0.011680980121314244,0.0,0.0,1.00532267066874,1.3781241052071802
2026-07-28,-0.0011415399952066957,0.0,0.009409040990175255,0.0,0.0,1.00532267066874,1.3910909314026232
2026-07-29,-0.0007455685368938322,0.0,-0.005557515878616748,-0.0,0.0,1.00532267066874,1.3833599214627534
2026-07-30,-0.0013191256245705303,0.0,-0.014074928294745548,-0.0,0.0,1.00532267066874,1.3638892297623404
2026-07-31,-0.0027376069192779503,0.0,-0.07353867378460244,-0.0,0.0,1.00532267066874,1.263590624616515
2026-08-03,-0.0005966903307133898,-0.054592962700199026,-0.01777216665048076,0.0008883457870011186,8.188944405029854e-05,1.006215744827805,1.2411338814578452
2026-08-04,-0.0006338992979639859,0.0,0.019642739437083945,-8.188944405029854e-05,8.188944405029854e-05,1.0061333463798665,1.2655131508978583
2026-08-05,-0.0007143327187103367,0.0,0.005236279009632083,0.0,0.0,1.0061333463798665,1.272139730846318
2026-08-06,-0.001066674597188684,0.0,0.00453376205787781,0.0,0.0,1.0061333463798665,1.277907309690348
2026-08-07,-0.0010398919611154963,0.0,0.0029448481162572815,0.0,0.0,1.0061333463798665,1.281670552624041
2026-08-10,-0.001183118601324679,0.0,-0.016181023202374467,-0.0,0.0,1.0061333463798665,1.2609318116742314
2026-08-11,6.912859032780528e-06,0.0,-0.010867449555569841,-0.0,0.0,1.0061333463798665,1.2472286988178485
2026-08-12,-6.700263335858015e-05,0.0,-0.00872388573677485,-0.0,0.0,1.0061333463798665,1.2363480181617352
2026-08-13,-0.0006918349313063986,0.0,0.009958643507030684,0.0,0.0,1.0061333463798665,1.248660367325232
2026-08-14,0.0006125872674371352,0.0,0.0021948502915547508,0.0,0.0,1.0061333463798665,1.2514009898965086
2026-08-17,-0.0008115671066552921,0.0,-0.0011113653450136596,-0.0,0.0,1.0061333463798665,1.250010226203622
2026-08-18,-0.0011325124616615018,0.0,0.014529271245786735,0.0,0.0,1.0061333463798665,1.2681719638401416
2026-08-19,-0.000313481154850069,0.0,0.02193336128761736,0.0,0.0,1.0061333463798665,1.2959872376978747
2026-08-20,-0.0003791097194226415,0.0,-0.017454155225199552,-0.0,0.0,1.0061333463798665,1.2733668752812184
