period,available_date,hs_code,series,export_value,export_weight,export_unit_price_weight
2017-01,2017-02-01,8542321010,DRAM,1359624403.0,83534.0,16276.299506787655
2017-01,2017-02-01,8542311000,Logic comparator,1231294136.0,424181.0,2902.7564553810757
2017-01,2017-02-01,8542323000,MCP / HBM proxy,1169549686.0,33167.0,35262.450206530586
2017-01,2017-02-01,8542321030,NAND Flash,294981354.0,35502.0,8308.86581037688
2017-02,2017-03-01,8542321010,DRAM,1405222422.0,79497.0,17676.420770595116
2017-02,2017-03-01,8542311000,Logic comparator,1150523267.0,407061.0,2826.414878851081
2017-02,2017-03-01,8542323000,MCP / HBM proxy,1251249752.0,35200.0,35546.86795454546
2017-02,2017-03-01,8542321030,NAND Flash,296979709.0,50031.0,5935.913913373708
2017-03,2017-04-01,8542321010,DRAM,1575893194.0,78018.0,20199.097567228077
2017-03,2017-04-01,8542311000,Logic comparator,1228440487.0,456676.0,2689.9606876647777
2017-03,2017-04-01,8542323000,MCP / HBM proxy,1618260349.0,47695.0,33929.35001572492
2017-03,2017-04-01,8542321030,NAND Flash,336017503.0,43064.0,7802.747143785993
2017-04,2017-05-01,8542321010,DRAM,1704652258.0,77437.0,22013.40777664424
2017-04,2017-05-01,8542311000,Logic comparator,1152924112.0,416209.0,2770.0605032567773
2017-04,2017-05-01,8542323000,MCP / HBM proxy,1339809786.0,39462.0,33951.89767371142
2017-04,2017-05-01,8542321030,NAND Flash,327607667.0,37855.0,8654.277294941223
2017-05,2017-06-01,8542321010,DRAM,1835724342.0,77103.0,23808.727831601882
2017-05,2017-06-01,8542311000,Logic comparator,1334197513.0,451785.0,2953.1691246942682
2017-05,2017-06-01,8542323000,MCP / HBM proxy,1438104697.0,34263.0,41972.52712838922
2017-05,2017-06-01,8542321030,NAND Flash,304846900.0,41697.0,7311.003189677915
2017-06,2017-07-01,8542321010,DRAM,1863251002.0,79926.0,23312.201311212873
2017-06,2017-07-01,8542311000,Logic comparator,1352319220.0,452040.0,2991.591938766481
2017-06,2017-07-01,8542323000,MCP / HBM proxy,1963435530.0,48558.0,40434.85172371185
2017-06,2017-07-01,8542321030,NAND Flash,305980139.0,71192.0,4297.956778851556
2017-07,2017-08-01,8542321010,DRAM,1967693742.0,75030.0,26225.426389444223
2017-07,2017-08-01,8542311000,Logic comparator,1565330148.0,492749.0,3176.7292231947704
2017-07,2017-08-01,8542323000,MCP / HBM proxy,1675398179.0,40159.0,41719.12096914764
2017-07,2017-08-01,8542321030,NAND Flash,369718172.0,46669.0,7922.13615033534
2017-08,2017-09-01,8542321010,DRAM,2011639596.0,79382.0,25341.256153788014
2017-08,2017-09-01,8542311000,Logic comparator,1578477118.0,522776.0,3019.4138942874197
2017-08,2017-09-01,8542323000,MCP / HBM proxy,1952748731.0,47576.0,41044.82787539936
2017-08,2017-09-01,8542321030,NAND Flash,506332547.0,49990.0,10128.676675335068
2017-09,2017-10-01,8542321010,DRAM,2140059404.0,79288.0,26990.962112803954
2017-09,2017-10-01,8542311000,Logic comparator,1605762888.0,531585.0,3020.7076723383843
2017-09,2017-10-01,8542323000,MCP / HBM proxy,2478231083.0,38147.0,64965.29433507222
2017-09,2017-10-01,8542321030,NAND Flash,571712823.0,53851.0,10616.568364561475
2017-10,2017-11-01,8542321010,DRAM,2483178757.0,81552.0,30449.023408377478
2017-10,2017-11-01,8542311000,Logic comparator,1531199323.0,500422.0,3059.8161611599808
2017-10,2017-11-01,8542323000,MCP / HBM proxy,2693986906.0,43427.0,62034.837911898125
2017-10,2017-11-01,8542321030,NAND Flash,527225233.0,47117.0,11189.70293100155
2017-11,2017-12-01,8542321010,DRAM,2361183591.0,80415.0,29362.47703786607
2017-11,2017-12-01,8542311000,Logic comparator,1651842026.0,528107.0,3127.8548210873932
2017-11,2017-12-01,8542323000,MCP / HBM proxy,2710320247.0,46106.0,58784.545330325775
2017-11,2017-12-01,8542321030,NAND Flash,496035703.0,45672.0,10860.827268348223
2017-12,2018-01-01,8542321010,DRAM,2584284843.0,78426.0,32951.888952643254
2017-12,2018-01-01,8542311000,Logic comparator,1474078369.0,489398.0,3012.0236882864256
2017-12,2018-01-01,8542323000,MCP / HBM proxy,2713645297.0,37573.0,72223.27993505975
2017-12,2018-01-01,8542321030,NAND Flash,494807355.0,44245.0,11183.350774098768
2018-01,2018-02-01,8542321010,DRAM,2491371371.0,71896.0,34652.43366807611
2018-01,2018-02-01,8542311000,Logic comparator,1576683580.0,528818.0,2981.5240404070964
2018-01,2018-02-01,8542323000,MCP / HBM proxy,2482923408.0,35800.0,69355.40245810057
2018-01,2018-02-01,8542321030,NAND Flash,559049493.0,47680.0,11725.031312919464
2018-02,2018-03-01,8542321010,DRAM,2416307356.0,72132.0,33498.41063605612
2018-02,2018-03-01,8542311000,Logic comparator,1229940471.0,448286.0,2743.651309654997
2018-02,2018-03-01,8542323000,MCP / HBM proxy,2179606309.0,34981.0,62308.2904719705
2018-02,2018-03-01,8542321030,NAND Flash,631078765.0,45944.0,13735.825461431308
2018-03,2018-04-01,8542321010,DRAM,2999031598.0,86883.0,34518.048386911134
2018-03,2018-04-01,8542311000,Logic comparator,1346599980.0,492592.0,2733.702496183454
2018-03,2018-04-01,8542323000,MCP / HBM proxy,2808948638.0,40695.0,69024.41670966949
2018-03,2018-04-01,8542321030,NAND Flash,710800720.0,50842.0,13980.581409071241
2018-04,2018-05-01,8542321010,DRAM,2998743167.0,84340.0,35555.40866729903
2018-04,2018-05-01,8542311000,Logic comparator,1554765650.0,512580.0,3033.2155956143433
2018-04,2018-05-01,8542323000,MCP / HBM proxy,1956728731.0,34636.0,56494.073536205105
2018-04,2018-05-01,8542321030,NAND Flash,571267389.0,50996.0,11202.199956859362
2018-05,2018-06-01,8542321010,DRAM,3157384461.0,93111.0,33909.89744498502
2018-05,2018-06-01,8542311000,Logic comparator,1556486970.0,526560.0,2955.953680492252
2018-05,2018-06-01,8542323000,MCP / HBM proxy,1729075290.0,39523.0,43748.58411557827
2018-05,2018-06-01,8542321030,NAND Flash,704622405.0,54945.0,12824.140595140596
2018-06,2018-07-01,8542321010,DRAM,3155601679.0,93190.0,33862.02037772293
2018-06,2018-07-01,8542311000,Logic comparator,1536459219.0,514558.0,2985.978682675228
2018-06,2018-07-01,8542323000,MCP / HBM proxy,1757805851.0,37165.0,47297.3456477869
2018-06,2018-07-01,8542321030,NAND Flash,702933870.0,55163.0,12742.8506426409
2018-07,2018-08-01,8542321010,DRAM,3056760524.0,90523.0,33767.77751510666
2018-07,2018-08-01,8542311000,Logic comparator,1570785007.0,572306.0,2744.6593378367515
2018-07,2018-08-01,8542323000,MCP / HBM proxy,1341674378.0,36584.0,36673.80215394708
2018-07,2018-08-01,8542321030,NAND Flash,573100209.0,48780.0,11748.671771217712
2018-08,2018-09-01,8542321010,DRAM,3236846367.0,82876.0,39056.498467590136
2018-08,2018-09-01,8542311000,Logic comparator,1672115954.0,578185.0,2892.008533600837
2018-08,2018-09-01,8542323000,MCP / HBM proxy,1823559499.0,37706.0,48362.58152548666
2018-08,2018-09-01,8542321030,NAND Flash,595931108.0,52181.0,11420.461623962745
2018-09,2018-10-01,8542321010,DRAM,3544917427.0,88538.0,40038.37252930945
2018-09,2018-10-01,8542311000,Logic comparator,1591948474.0,550686.0,2890.846097413045
2018-09,2018-10-01,8542323000,MCP / HBM proxy,2011168305.0,34959.0,57529.34308761692
2018-09,2018-10-01,8542321030,NAND Flash,739130146.0,63082.0,11716.973875273454
2018-10,2018-11-01,8542321010,DRAM,3202555667.0,85016.0,37670.034664063234
2018-10,2018-11-01,8542311000,Logic comparator,1601205808.0,573363.0,2792.6563241785743
2018-10,2018-11-01,8542323000,MCP / HBM proxy,1862782893.0,28466.0,65438.87068783812
2018-10,2018-11-01,8542321030,NAND Flash,714521320.0,60862.0,11740.023660083467
2018-11,2018-12-01,8542321010,DRAM,2758640227.0,75281.0,36644.57468683997
2018-11,2018-12-01,8542311000,Logic comparator,1501213606.0,540277.0,2778.5998774702607
2018-11,2018-12-01,8542323000,MCP / HBM proxy,1837131648.0,29550.0,62170.27573604061
2018-11,2018-12-01,8542321030,NAND Flash,655354855.0,58555.0,11192.124583724702
2018-12,2019-01-01,8542321010,DRAM,1800078893.0,67243.0,26769.758829915383
2018-12,2019-01-01,8542311000,Logic comparator,1328610425.0,515189.0,2578.879644169421
2018-12,2019-01-01,8542323000,MCP / HBM proxy,1447303633.0,24868.0,58199.438354511825
2018-12,2019-01-01,8542321030,NAND Flash,620022609.0,56851.0,10906.098555874127
2019-01,2019-02-01,8542321010,DRAM,1668089538.0,65464.0,25481.02068312355
2019-01,2019-02-01,8542311000,Logic comparator,1411976702.0,514358.0,2745.124411402175
2019-01,2019-02-01,8542323000,MCP / HBM proxy,1245728975.0,24199.0,51478.531137650316
2019-01,2019-02-01,8542321030,NAND Flash,413164266.0,41519.0,9951.209470362966
2019-02,2019-03-01,8542321010,DRAM,1398907040.0,66034.0,21184.647908653118
2019-02,2019-03-01,8542311000,Logic comparator,1131477476.0,424948.0,2662.6257236179486
2019-02,2019-03-01,8542323000,MCP / HBM proxy,1186938435.0,22842.0,51962.98200682952
2019-02,2019-03-01,8542321030,NAND Flash,370562538.0,39714.0,9330.778516392204
2019-03,2019-04-01,8542321010,DRAM,1821335937.0,79117.0,23020.791195318325
2019-03,2019-04-01,8542311000,Logic comparator,1235585829.0,506869.0,2437.6827720772035
2019-03,2019-04-01,8542323000,MCP / HBM proxy,1900004592.0,33323.0,57017.81328211746
2019-03,2019-04-01,8542321030,NAND Flash,592383221.0,59232.0,10001.067345353862
2019-04,2019-05-01,8542321010,DRAM,1920969134.0,79502.0,24162.52589871953
2019-04,2019-05-01,8542311000,Logic comparator,1291303969.0,510395.0,2530.0090498535446
2019-04,2019-05-01,8542323000,MCP / HBM proxy,1591573857.0,26448.0,60177.47493194192
2019-04,2019-05-01,8542321030,NAND Flash,670060391.0,64060.0,10459.887464876678
2019-05,2019-06-01,8542321010,DRAM,1473729225.0,78041.0,18884.03819787035
2019-05,2019-06-01,8542311000,Logic comparator,1352243653.0,553084.0,2444.915515545559
2019-05,2019-06-01,8542323000,MCP / HBM proxy,1461986178.0,25629.0,57044.2146786843
2019-05,2019-06-01,8542321030,NAND Flash,472438215.0,52683.0,8967.56477421559
2019-06,2019-07-01,8542321010,DRAM,1609526360.0,87233.0,18450.888539887426
2019-06,2019-07-01,8542311000,Logic comparator,1372973157.0,533386.0,2574.0704799151085
2019-06,2019-07-01,8542323000,MCP / HBM proxy,1992454785.0,34627.0,57540.49686660698
2019-06,2019-07-01,8542321030,NAND Flash,438676436.0,52803.0,8307.79379959472
2019-07,2019-08-01,8542321010,DRAM,1542510072.0,86185.0,17897.662841561756
2019-07,2019-08-01,8542311000,Logic comparator,1550175449.0,545412.0,2842.2100155478793
2019-07,2019-08-01,8542323000,MCP / HBM proxy,1435092192.0,31350.0,45776.465454545454
2019-07,2019-08-01,8542321030,NAND Flash,498306722.0,53563.0,9303.189179097511
2019-08,2019-09-01,8542321010,DRAM,1488749530.0,86799.0,17151.68988121983
2019-08,2019-09-01,8542311000,Logic comparator,1515918645.0,531280.0,2853.332790618883
2019-08,2019-09-01,8542323000,MCP / HBM proxy,1766424595.0,37630.0,46941.92386393835
2019-08,2019-09-01,8542321030,NAND Flash,482809111.0,52806.0,9143.072965193349
2019-09,2019-10-01,8542321010,DRAM,1449764530.0,88828.0,16321.030868645023
2019-09,2019-10-01,8542311000,Logic comparator,1626498721.0,532024.0,3057.190504563704
2019-09,2019-10-01,8542323000,MCP / HBM proxy,1967455691.0,49156.0,40024.73128407519
2019-09,2019-10-01,8542321030,NAND Flash,401511428.0,48815.0,8225.164969783878
2019-10,2019-11-01,8542321010,DRAM,1424454514.0,102680.0,13872.755298013246
2019-10,2019-11-01,8542311000,Logic comparator,1569055077.0,499576.0,3140.7735299534006
2019-10,2019-11-01,8542323000,MCP / HBM proxy,1609505323.0,49283.0,32658.42832213948
2019-10,2019-11-01,8542321030,NAND Flash,512703412.0,49926.0,10269.2667547971
2019-11,2019-12-01,8542321010,DRAM,1400432155.0,93868.0,14919.16473132484
2019-11,2019-12-01,8542311000,Logic comparator,1391265108.0,443443.0,3137.4158753210672
2019-11,2019-12-01,8542323000,MCP / HBM proxy,1501909044.0,46787.0,32100.990531557913
2019-11,2019-12-01,8542321030,NAND Flash,446251727.0,47392.0,9416.182625759622
2019-12,2020-01-01,8542321010,DRAM,1322210845.0,83804.0,15777.41927592955
2019-12,2020-01-01,8542311000,Logic comparator,1370358122.0,462052.0,2965.809307177547
2019-12,2020-01-01,8542323000,MCP / HBM proxy,1773119529.0,50208.0,35315.47819072658
2019-12,2020-01-01,8542321030,NAND Flash,383428749.0,42116.0,9104.111240383701
2020-01,2020-02-01,8542321010,DRAM,1316193331.0,85111.0,15464.432693776364
2020-01,2020-02-01,8542311000,Logic comparator,1481309455.0,492175.0,3009.7210443439835
2020-01,2020-02-01,8542323000,MCP / HBM proxy,1299516735.0,39856.0,32605.2974458049
2020-01,2020-02-01,8542321030,NAND Flash,565558830.0,52727.0,10726.171221575283
2020-02,2020-03-01,8542321010,DRAM,1379236449.0,80101.0,17218.716982309834
2020-02,2020-03-01,8542311000,Logic comparator,1404415440.0,475917.0,2950.9671644425393
2020-02,2020-03-01,8542323000,MCP / HBM proxy,1512715753.0,45673.0,33120.56911085324
2020-02,2020-03-01,8542321030,NAND Flash,496412423.0,52383.0,9476.593990416739
2020-03,2020-04-01,8542321010,DRAM,1547462432.0,89243.0,17339.87463442511
2020-03,2020-04-01,8542311000,Logic comparator,1641729913.0,558557.0,2939.2343359764536
2020-03,2020-04-01,8542323000,MCP / HBM proxy,2019040661.0,43742.0,46157.941132092725
2020-03,2020-04-01,8542321030,NAND Flash,489483650.0,49108.0,9967.493076484483
2020-04,2020-05-01,8542321010,DRAM,1606693608.0,82427.0,19492.321787763718
2020-04,2020-05-01,8542311000,Logic comparator,1181038613.0,454334.0,2599.4942333173394
2020-04,2020-05-01,8542323000,MCP / HBM proxy,1442869499.0,37759.0,38212.598294446354
2020-04,2020-05-01,8542321030,NAND Flash,532604631.0,48906.0,10890.374003189792
2020-05,2020-06-01,8542321010,DRAM,1729492217.0,102723.0,16836.46522200481
2020-05,2020-06-01,8542311000,Logic comparator,1332655841.0,470254.0,2833.9064441769765
2020-05,2020-06-01,8542323000,MCP / HBM proxy,2118867440.0,49620.0,42701.88311164853
2020-05,2020-06-01,8542321030,NAND Flash,477943516.0,40734.0,11733.28217214121
2020-06,2020-07-01,8542321010,DRAM,1742598810.0,127177.0,13702.153769942679
2020-06,2020-07-01,8542311000,Logic comparator,1437918589.0,496650.0,2895.2352542031613
2020-06,2020-07-01,8542323000,MCP / HBM proxy,1904275458.0,52865.0,36021.478445096
2020-06,2020-07-01,8542321030,NAND Flash,480546112.0,46436.0,10348.568179860453
2020-07,2020-08-01,8542321010,DRAM,1710712981.0,131768.0,12982.765018820957
2020-07,2020-08-01,8542311000,Logic comparator,1518159506.0,546610.0,2777.4089497082014
2020-07,2020-08-01,8542323000,MCP / HBM proxy,1573800930.0,50013.0,31467.836962389778
2020-07,2020-08-01,8542321030,NAND Flash,492063828.0,41610.0,11825.614708002884
2020-08,2020-09-01,8542321010,DRAM,1656460521.0,143355.0,11554.954630114053
2020-08,2020-09-01,8542311000,Logic comparator,1665940145.0,568205.0,2931.9350322506843
2020-08,2020-09-01,8542323000,MCP / HBM proxy,1776264041.0,55295.0,32123.411538113753
2020-08,2020-09-01,8542321030,NAND Flash,503100283.0,43566.0,11548.00263967314
2020-09,2020-10-01,8542321010,DRAM,1722417618.0,169275.0,10175.262844483828
2020-09,2020-10-01,8542311000,Logic comparator,1704635633.0,584138.0,2918.207055524551
2020-09,2020-10-01,8542323000,MCP / HBM proxy,2257649470.0,65142.0,34657.3557766111
2020-09,2020-10-01,8542321030,NAND Flash,581809584.0,53207.0,10934.831582310599
2020-10,2020-11-01,8542321010,DRAM,1708850579.0,167472.0,10203.798718591765
2020-10,2020-11-01,8542311000,Logic comparator,1582575459.0,538026.0,2941.4479207324553
2020-10,2020-11-01,8542323000,MCP / HBM proxy,1961928520.0,57034.0,34399.279727881614
2020-10,2020-11-01,8542321030,NAND Flash,505395551.0,46871.0,10782.691877706897
2020-11,2020-12-01,8542321010,DRAM,1545290464.0,182857.0,8450.813827198303
2020-11,2020-12-01,8542311000,Logic comparator,1726922970.0,533735.0,3235.543799825756
2020-11,2020-12-01,8542323000,MCP / HBM proxy,1918170533.0,57980.0,33083.31378061401
2020-11,2020-12-01,8542321030,NAND Flash,500733046.0,54992.0,9105.56164533023
2020-12,2021-01-01,8542321010,DRAM,1361206326.0,115196.0,11816.43742838293
2020-12,2021-01-01,8542311000,Logic comparator,1875190403.0,542980.0,3453.516525470551
2020-12,2021-01-01,8542323000,MCP / HBM proxy,2387669212.0,71279.0,33497.512759718855
2020-12,2021-01-01,8542321030,NAND Flash,679302439.0,64983.0,10453.54075681332
2021-01,2021-02-01,8542321010,DRAM,1497226281.0,112614.0,13295.205578347275
2021-01,2021-02-01,8542311000,Logic comparator,1735082737.0,565315.0,3069.231732750767
2021-01,2021-02-01,8542323000,MCP / HBM proxy,2073236577.0,59762.0,34691.552776011515
2021-01,2021-02-01,8542321030,NAND Flash,488969557.0,50861.0,9613.840801399894
2021-02,2021-03-01,8542321010,DRAM,1526633720.0,154410.0,9886.883751052394
2021-02,2021-03-01,8542311000,Logic comparator,1720371988.0,513861.0,3347.932588774007
2021-02,2021-03-01,8542323000,MCP / HBM proxy,2142781466.0,63474.0,33758.412357815796
2021-02,2021-03-01,8542321030,NAND Flash,459703191.0,46545.0,9876.532194650339
2021-03,2021-04-01,8542321010,DRAM,1785261687.0,170200.0,10489.199101057578
2021-03,2021-04-01,8542311000,Logic comparator,1794294975.0,587823.0,3052.4409133361573
2021-03,2021-04-01,8542323000,MCP / HBM proxy,2543431438.0,74798.0,34004.00328885799
2021-03,2021-04-01,8542321030,NAND Flash,441894394.0,53049.0,8329.928820524421
2021-04,2021-05-01,8542321010,DRAM,1858230153.0,155028.0,11986.416344144283
2021-04,2021-05-01,8542311000,Logic comparator,1835410862.0,565375.0,3246.360136192792
2021-04,2021-05-01,8542323000,MCP / HBM proxy,2195578967.0,66130.0,33200.952169968245
2021-04,2021-05-01,8542321030,NAND Flash,491393546.0,48756.0,10078.627163836245
2021-05,2021-06-01,8542321010,DRAM,1946726364.0,161139.0,12081.037886545157
2021-05,2021-06-01,8542311000,Logic comparator,1941631622.0,580139.0,3346.838640394802
2021-05,2021-06-01,8542323000,MCP / HBM proxy,2730603865.0,82997.0,32900.030904731495
2021-05,2021-06-01,8542321030,NAND Flash,587405784.0,53677.0,10943.342288130856
2021-06,2021-07-01,8542321010,DRAM,2176813167.0,126963.0,17145.25623213062
2021-06,2021-07-01,8542311000,Logic comparator,1974516391.0,566586.0,3484.9367810005897
2021-06,2021-07-01,8542323000,MCP / HBM proxy,3209439778.0,93726.0,34242.79045302264
2021-06,2021-07-01,8542321030,NAND Flash,595764768.0,53106.0,11218.407863518247
2021-07,2021-08-01,8542321010,DRAM,2281692195.0,125481.0,18183.567193439645
2021-07,2021-08-01,8542311000,Logic comparator,2059531905.0,573980.0,3588.159700686435
2021-07,2021-08-01,8542323000,MCP / HBM proxy,2710736092.0,82514.0,32851.83231936399
2021-07,2021-08-01,8542321030,NAND Flash,494346575.0,46748.0,10574.71068280996
2021-08,2021-09-01,8542321010,DRAM,2571096763.0,143500.0,17917.05061324042
2021-08,2021-09-01,8542311000,Logic comparator,2214306222.0,568396.0,3895.710423718675
2021-08,2021-09-01,8542323000,MCP / HBM proxy,2822617027.0,86430.0,32657.839025801226
2021-08,2021-09-01,8542321030,NAND Flash,566156787.0,52626.0,10758.119313647247
2021-09,2021-10-01,8542321010,DRAM,2568940514.0,133506.0,19242.13528979971
2021-09,2021-10-01,8542311000,Logic comparator,2315511939.0,558841.0,4143.4181439801305
2021-09,2021-10-01,8542323000,MCP / HBM proxy,3032476456.0,86636.0,35002.49845329886
2021-09,2021-10-01,8542321030,NAND Flash,657444772.0,58595.0,11220.151412236539
2021-10,2021-11-01,8542321010,DRAM,2466591328.0,143209.0,17223.717280338526
2021-10,2021-11-01,8542311000,Logic comparator,2358816816.0,553494.0,4261.684527745559
2021-10,2021-11-01,8542323000,MCP / HBM proxy,2351212002.0,79219.0,29679.900049230615
2021-10,2021-11-01,8542321030,NAND Flash,634112959.0,48435.0,13092.040033033963
2021-11,2021-12-01,8542321010,DRAM,2453171225.0,126253.0,19430.597490752694
2021-11,2021-12-01,8542311000,Logic comparator,2290471249.0,568056.0,4032.1222713957777
2021-11,2021-12-01,8542323000,MCP / HBM proxy,3023534268.0,98702.0,30632.958481084475
2021-11,2021-12-01,8542321030,NAND Flash,621119589.0,51376.0,12089.6836849891
2021-12,2022-01-01,8542321010,DRAM,2556653940.0,146062.0,17503.895195191082
2021-12,2022-01-01,8542311000,Logic comparator,2358258752.0,578194.0,4078.6634797317165
2021-12,2022-01-01,8542323000,MCP / HBM proxy,3134560295.0,108051.0,29010.00726508778
2021-12,2022-01-01,8542321030,NAND Flash,639834302.0,57715.0,11086.100701723988
2022-01,2022-02-01,8542321010,DRAM,2258480961.0,147241.0,15338.66899165314
2022-01,2022-02-01,8542311000,Logic comparator,2406079934.0,547576.0,4394.056594883633
2022-01,2022-02-01,8542323000,MCP / HBM proxy,2412848672.0,76729.0,31446.37193238541
2022-01,2022-02-01,8542321030,NAND Flash,522251145.0,47860.0,10912.059026326786
2022-02,2022-03-01,8542321010,DRAM,2164415779.0,136233.0,15887.602702722541
2022-02,2022-03-01,8542311000,Logic comparator,2269345524.0,527816.0,4299.501197386968
2022-02,2022-03-01,8542323000,MCP / HBM proxy,2110498381.0,74175.0,28452.960984159083
2022-02,2022-03-01,8542321030,NAND Flash,629182451.0,45646.0,13783.955899750252
2022-03,2022-04-01,8542321010,DRAM,2462223601.0,162127.0,15187.00525513949
2022-03,2022-04-01,8542311000,Logic comparator,2946140043.0,616352.0,4779.963467304397
2022-03,2022-04-01,8542323000,MCP / HBM proxy,3048511405.0,106096.0,28733.518747172373
2022-03,2022-04-01,8542321030,NAND Flash,746116388.0,53004.0,14076.605312806581
2022-04,2022-05-01,8542321010,DRAM,2183887307.0,135204.0,16152.534740096447
2022-04,2022-05-01,8542311000,Logic comparator,2460736461.0,579085.0,4249.3527910410385
2022-04,2022-05-01,8542323000,MCP / HBM proxy,1978311024.0,70420.0,28093.027889804034
2022-04,2022-05-01,8542321030,NAND Flash,742018227.0,53441.0,13884.811792444003
2022-05,2022-06-01,8542321010,DRAM,2469963975.0,115449.0,21394.416365667956
2022-05,2022-06-01,8542311000,Logic comparator,2456349068.0,593859.0,4136.249628278766
2022-05,2022-06-01,8542323000,MCP / HBM proxy,2405599871.0,87417.0,27518.673381607696
2022-05,2022-06-01,8542321030,NAND Flash,803340002.0,59046.0,13605.324695999729
2022-06,2022-07-01,8542321010,DRAM,2489672563.0,146849.0,16953.96334329822
2022-06,2022-07-01,8542311000,Logic comparator,2849117732.0,555234.0,5131.381961479305
2022-06,2022-07-01,8542323000,MCP / HBM proxy,2505011542.0,109485.0,22879.951975156415
2022-06,2022-07-01,8542321030,NAND Flash,786481424.0,47408.0,16589.635167060413
2022-07,2022-08-01,8542321010,DRAM,2368371059.0,189105.0,12524.105967584146
2022-07,2022-08-01,8542311000,Logic comparator,3011881260.0,499646.0,6028.030365498773
2022-07,2022-08-01,8542323000,MCP / HBM proxy,1825832115.0,76025.0,24016.20670831963
2022-07,2022-08-01,8542321030,NAND Flash,738164966.0,40258.0,18335.8578667594
2022-08,2022-09-01,8542321010,DRAM,2003245387.0,132187.0,15154.632354164933
2022-08,2022-09-01,8542311000,Logic comparator,2918672378.0,523649.0,5573.718994975642
2022-08,2022-09-01,8542323000,MCP / HBM proxy,2075749720.0,79368.0,26153.484023787925
2022-08,2022-09-01,8542321030,NAND Flash,618529649.0,39222.0,15769.967084799348
2022-09,2022-10-01,8542321010,DRAM,1823274576.0,131688.0,13845.411700382723
2022-09,2022-10-01,8542311000,Logic comparator,2603079215.0,526419.0,4944.880817371713
2022-09,2022-10-01,8542323000,MCP / HBM proxy,2465716831.0,110728.0,22268.232344122534
2022-09,2022-10-01,8542321030,NAND Flash,673134026.0,59330.0,11345.592887240857
2022-10,2022-11-01,8542321010,DRAM,1565413680.0,175212.0,8934.397643996987
2022-10,2022-11-01,8542311000,Logic comparator,2544471129.0,489926.0,5193.582559406931
2022-10,2022-11-01,8542323000,MCP / HBM proxy,1645405495.0,70879.0,23214.287659250273
2022-10,2022-11-01,8542321030,NAND Flash,566863763.0,70273.0,8066.594040385355
2022-11,2022-12-01,8542321010,DRAM,1402702132.0,163198.0,8595.093885954484
2022-11,2022-12-01,8542311000,Logic comparator,2513869234.0,479281.0,5245.084269979407
2022-11,2022-12-01,8542323000,MCP / HBM proxy,1347003024.0,71101.0,18944.923756346605
2022-11,2022-12-01,8542321030,NAND Flash,516919802.0,47846.0,10803.82481294152
2022-12,2023-01-01,8542321010,DRAM,1419716100.0,192471.0,7376.259800177689
2022-12,2023-01-01,8542311000,Logic comparator,2289067818.0,481062.0,4758.363408458785
2022-12,2023-01-01,8542323000,MCP / HBM proxy,1485547274.0,83749.0,17738.089696593393
2022-12,2023-01-01,8542321030,NAND Flash,346621582.0,40150.0,8633.165180572852
2023-01,2023-02-01,8542321010,DRAM,889144043.0,117589.0,7561.4559440083685
2023-01,2023-02-01,8542311000,Logic comparator,1702526648.0,410226.0,4150.216339286149
2023-01,2023-02-01,8542323000,MCP / HBM proxy,1111406272.0,58141.0,19115.706162604703
2023-01,2023-02-01,8542321030,NAND Flash,364211620.0,27269.0,13356.25142102754
2023-02,2023-03-01,8542321010,DRAM,947429033.0,113507.0,8346.877575832328
2023-02,2023-03-01,8542311000,Logic comparator,1549226559.0,413476.0,3746.8355091952135
2023-02,2023-03-01,8542323000,MCP / HBM proxy,1063450871.0,70070.0,15176.978321678322
2023-02,2023-03-01,8542321030,NAND Flash,492061495.0,48478.0,10150.20205041462
2023-03,2023-04-01,8542321010,DRAM,1134771349.0,132726.0,8549.729133704022
2023-03,2023-04-01,8542311000,Logic comparator,2148075509.0,476164.0,4511.209392142203
2023-03,2023-04-01,8542323000,MCP / HBM proxy,1615478463.0,111874.0,14440.160028246062
2023-03,2023-04-01,8542321030,NAND Flash,637444105.0,91230.0,6987.220267455881
2023-04,2023-05-01,8542321010,DRAM,1163518682.0,146179.0,7959.547417891763
2023-04,2023-05-01,8542311000,Logic comparator,1852846751.0,430601.0,4302.9318348076295
2023-04,2023-05-01,8542323000,MCP / HBM proxy,982903236.0,76644.0,12824.268514169407
2023-04,2023-05-01,8542321030,NAND Flash,352486276.0,36787.0,9581.81629379944
2023-05,2023-06-01,8542321010,DRAM,1193004804.0,157646.0,7567.618613856362
2023-05,2023-06-01,8542311000,Logic comparator,2365724549.0,482741.0,4900.608295131344
2023-05,2023-06-01,8542323000,MCP / HBM proxy,1272453143.0,87520.0,14538.99843464351
2023-05,2023-06-01,8542321030,NAND Flash,370462980.0,38686.0,9576.151062399835
2023-06,2023-07-01,8542321010,DRAM,1164243281.0,151030.0,7708.688876382175
2023-06,2023-07-01,8542311000,Logic comparator,2097829783.0,470831.0,4455.589761506782
2023-06,2023-07-01,8542323000,MCP / HBM proxy,2142641175.0,142956.0,14988.116448417695
2023-06,2023-07-01,8542321030,NAND Flash,469237419.0,73154.0,6414.378147469722
2023-07,2023-08-01,8542321010,DRAM,1142171397.0,105137.0,10863.648354052331
2023-07,2023-08-01,8542311000,Logic comparator,2051656143.0,444375.0,4616.947719831223
2023-07,2023-08-01,8542323000,MCP / HBM proxy,1426628646.0,104834.0,13608.453803155466
2023-07,2023-08-01,8542321030,NAND Flash,355074367.0,42873.0,8282.004221771278
2023-08,2023-09-01,8542321010,DRAM,1285823533.0,128943.0,9972.030532871113
2023-08,2023-09-01,8542311000,Logic comparator,2368045013.0,485563.0,4876.905804190187
2023-08,2023-09-01,8542323000,MCP / HBM proxy,1669928603.0,108598.0,15377.157986334923
2023-08,2023-09-01,8542321030,NAND Flash,563207063.0,59198.0,9513.954238318862
2023-09,2023-10-01,8542321010,DRAM,1181502470.0,132541.0,8914.241404546518
2023-09,2023-10-01,8542311000,Logic comparator,2077093655.0,447368.0,4642.91959863021
2023-09,2023-10-01,8542323000,MCP / HBM proxy,2074156047.0,130449.0,15900.1299128395
2023-09,2023-10-01,8542321030,NAND Flash,711058351.0,82318.0,8637.944933064457
2023-10,2023-11-01,8542321010,DRAM,1140724023.0,112381.0,10150.506073090646
2023-10,2023-11-01,8542311000,Logic comparator,2166855861.0,468663.0,4623.483955422126
2023-10,2023-11-01,8542323000,MCP / HBM proxy,1845428103.0,97475.0,18932.322164657606
2023-10,2023-11-01,8542321030,NAND Flash,563432529.0,54652.0,10309.458555954036
2023-11,2023-12-01,8542321010,DRAM,1341588637.0,129216.0,10382.52721799158
2023-11,2023-12-01,8542311000,Logic comparator,2141175789.0,462058.0,4633.997872561454
2023-11,2023-12-01,8542323000,MCP / HBM proxy,2015128839.0,106522.0,18917.489711045604
2023-11,2023-12-01,8542321030,NAND Flash,576927692.0,52482.0,10992.867878510728
2023-12,2024-01-01,8542321010,DRAM,1452659619.0,159940.0,9082.528566962612
2023-12,2024-01-01,8542311000,Logic comparator,1983441562.0,433343.0,4577.070731499067
2023-12,2024-01-01,8542323000,MCP / HBM proxy,2523530235.0,118896.0,21224.685733750506
2023-12,2024-01-01,8542321030,NAND Flash,623483753.0,68567.0,9093.058657954993
2024-01,2024-02-01,8542321010,DRAM,1407209178.0,128871.0,10919.517796866634
2024-01,2024-02-01,8542311000,Logic comparator,2073342183.0,435793.0,4757.630762770398
2024-01,2024-02-01,8542323000,MCP / HBM proxy,1960348887.0,69303.0,28286.638197480628
2024-01,2024-02-01,8542321030,NAND Flash,857558588.0,63396.0,13527.01413338381
2024-02,2024-03-01,8542321010,DRAM,1491461901.0,116134.0,12842.594769834846
2024-02,2024-03-01,8542311000,Logic comparator,1954209355.0,410873.0,4756.23697590253
2024-02,2024-03-01,8542323000,MCP / HBM proxy,2308240418.0,81351.0,28373.841968752688
2024-02,2024-03-01,8542321030,NAND Flash,889118556.0,56074.0,15856.164282911866
2024-03,2024-04-01,8542321010,DRAM,1628992789.0,112855.0,14434.387390899827
2024-03,2024-04-01,8542311000,Logic comparator,2208161924.0,442668.0,4988.302574389836
2024-03,2024-04-01,8542323000,MCP / HBM proxy,2729807054.0,86413.0,31590.235890433152
2024-03,2024-04-01,8542321030,NAND Flash,816995296.0,54996.0,14855.540330205833
2024-04,2024-05-01,8542321010,DRAM,1594783559.0,106336.0,14997.588389632861
2024-04,2024-05-01,8542311000,Logic comparator,2087793153.0,441504.0,4728.820470482714
2024-04,2024-05-01,8542323000,MCP / HBM proxy,2158812516.0,83460.0,25866.43321351546
2024-04,2024-05-01,8542321030,NAND Flash,615382745.0,42592.0,14448.317641810669
2024-05,2024-06-01,8542321010,DRAM,1767125202.0,114315.0,15458.384306521453
2024-05,2024-06-01,8542311000,Logic comparator,2452293918.0,459991.0,5331.1780404399215
2024-05,2024-06-01,8542323000,MCP / HBM proxy,2698676682.0,81324.0,33184.259037922384
2024-05,2024-06-01,8542321030,NAND Flash,685634245.0,41898.0,16364.366914888538
2024-06,2024-07-01,8542321010,DRAM,1899278376.0,116958.0,16238.977889498794
2024-06,2024-07-01,8542311000,Logic comparator,2121215645.0,441295.0,4806.797369106834
2024-06,2024-07-01,8542323000,MCP / HBM proxy,3742313361.0,134510.0,27821.82262285332
2024-06,2024-07-01,8542321030,NAND Flash,677867380.0,45475.0,14906.374491478835
2024-07,2024-08-01,8542321010,DRAM,1986235775.0,105435.0,18838.486034049416
2024-07,2024-08-01,8542311000,Logic comparator,2284903955.0,471861.0,4842.324233195793
2024-07,2024-08-01,8542323000,MCP / HBM proxy,2979864837.0,89745.0,33203.68641149925
2024-07,2024-08-01,8542321030,NAND Flash,536146405.0,38350.0,13980.349543676663
2024-08,2024-09-01,8542321010,DRAM,1839895463.0,97961.0,18781.917936729922
2024-08,2024-09-01,8542311000,Logic comparator,2299295237.0,439313.0,5233.84292520367
2024-08,2024-09-01,8542323000,MCP / HBM proxy,3347263827.0,103468.0,32350.715457919356
2024-08,2024-09-01,8542321030,NAND Flash,388012152.0,30319.0,12797.656650944951
2024-09,2024-10-01,8542321010,DRAM,1888282735.0,121385.0,15556.145611072208
2024-09,2024-10-01,8542311000,Logic comparator,2093786035.0,441666.0,4740.654782120426
2024-09,2024-10-01,8542323000,MCP / HBM proxy,3802575693.0,108231.0,35133.88671452726
2024-09,2024-10-01,8542321030,NAND Flash,626839396.0,40645.0,15422.300307540903
2024-10,2024-11-01,8542321010,DRAM,1912033811.0,95560.0,20008.72552323148
2024-10,2024-11-01,8542311000,Logic comparator,2444816026.0,435928.0,5608.302348094181
2024-10,2024-11-01,8542323000,MCP / HBM proxy,3482828191.0,66118.0,52675.94589975498
2024-10,2024-11-01,8542321030,NAND Flash,440424775.0,32599.0,13510.376852050676
2024-11,2024-12-01,8542321010,DRAM,1825067835.0,106942.0,17065.959445306802
2024-11,2024-12-01,8542311000,Logic comparator,2236980720.0,408694.0,5473.48559068643
2024-11,2024-12-01,8542323000,MCP / HBM proxy,3587681336.0,83333.0,43052.34824139297
2024-11,2024-12-01,8542321030,NAND Flash,478932127.0,45868.0,10441.530631376994
2024-12,2025-01-01,8542321010,DRAM,2096464352.0,135570.0,15464.072818470164
2024-12,2025-01-01,8542311000,Logic comparator,2033870604.0,420243.0,4839.748916698196
2024-12,2025-01-01,8542323000,MCP / HBM proxy,4331121742.0,88487.0,48946.41859256162
2024-12,2025-01-01,8542321030,NAND Flash,612998107.0,42186.0,14530.842151424644
2025-01,2025-02-01,8542321010,DRAM,1836333612.0,125008.0,14689.728753359785
2025-01,2025-02-01,8542311000,Logic comparator,1916199148.0,427618.0,4481.100299800289
2025-01,2025-02-01,8542323000,MCP / HBM proxy,2236388115.0,57610.0,38819.44306544003
2025-01,2025-02-01,8542321030,NAND Flash,307270877.0,28242.0,10879.926244600241
2025-02,2025-03-01,8542321010,DRAM,1681458212.0,125509.0,13397.11265327586
2025-02,2025-03-01,8542311000,Logic comparator,1939893956.0,427511.0,4537.646881600707
2025-02,2025-03-01,8542323000,MCP / HBM proxy,2286774946.0,61125.0,37411.4510593047
2025-02,2025-03-01,8542321030,NAND Flash,294102633.0,46779.0,6287.065413967806
2025-03,2025-04-01,8542321010,DRAM,2106604276.0,148325.0,14202.624480026967
2025-03,2025-04-01,8542311000,Logic comparator,2029606864.0,460133.0,4410.913505442992
2025-03,2025-04-01,8542323000,MCP / HBM proxy,3664579949.0,95718.0,38285.17049039888
2025-03,2025-04-01,8542321030,NAND Flash,526650290.0,65525.0,8037.3947348340325
2025-04,2025-05-01,8542321010,DRAM,2103328275.0,134012.0,15695.074135152076
2025-04,2025-05-01,8542311000,Logic comparator,2318851176.0,475585.0,4875.787032812221
2025-04,2025-05-01,8542323000,MCP / HBM proxy,2845754081.0,93216.0,30528.60110925163
2025-04,2025-05-01,8542321030,NAND Flash,430255719.0,33012.0,13033.312704471102
2025-05,2025-06-01,8542321010,DRAM,2244898642.0,160112.0,14020.801951134206
2025-05,2025-06-01,8542311000,Logic comparator,2434188995.0,462283.0,5265.581894640296
2025-05,2025-06-01,8542323000,MCP / HBM proxy,4006723549.0,112226.0,35702.2753105341
2025-05,2025-06-01,8542321030,NAND Flash,561258878.0,42167.0,13310.382004885338
2025-06,2025-07-01,8542321010,DRAM,2291729325.0,188467.0,12159.844031050528
2025-06,2025-07-01,8542311000,Logic comparator,2150592484.0,445992.0,4822.042736192578
2025-06,2025-07-01,8542323000,MCP / HBM proxy,4687620058.0,106922.0,43841.49247114719
2025-06,2025-07-01,8542321030,NAND Flash,620739271.0,55076.0,11270.594651027672
2025-07,2025-08-01,8542321010,DRAM,2387705705.0,160312.0,14894.117127850692
2025-07,2025-08-01,8542311000,Logic comparator,2918544666.0,492770.0,5922.732037258762
2025-07,2025-08-01,8542323000,MCP / HBM proxy,4194558010.0,99662.0,42087.8369890229
2025-07,2025-08-01,8542321030,NAND Flash,461593203.0,38721.0,11921.004183776246
2025-08,2025-09-01,8542321010,DRAM,2615929305.0,147994.0,17675.914597889103
2025-08,2025-09-01,8542311000,Logic comparator,2274224773.0,469919.0,4839.610173242622
2025-08,2025-09-01,8542323000,MCP / HBM proxy,4603682383.0,104348.0,44118.54930616782
2025-08,2025-09-01,8542321030,NAND Flash,645465853.0,43917.0,14697.40312407496
2025-09,2025-10-01,8542321010,DRAM,2654060655.0,159930.0,16595.13946726693
2025-09,2025-10-01,8542311000,Logic comparator,2239434620.0,489856.0,4571.618230663706
2025-09,2025-10-01,8542323000,MCP / HBM proxy,5233972132.0,126526.0,41366.77150941308
2025-09,2025-10-01,8542321030,NAND Flash,706729598.0,54374.0,12997.564975907602
2025-10,2025-11-01,8542321010,DRAM,2855276459.0,137893.0,20706.464135235292
2025-10,2025-11-01,8542311000,Logic comparator,2521766438.0,473668.0,5323.911342965959
2025-10,2025-11-01,8542323000,MCP / HBM proxy,4718248739.0,106390.0,44348.611138264874
2025-10,2025-11-01,8542321030,NAND Flash,672927526.0,37913.0,17749.25555877931
2025-11,2025-12-01,8542321010,DRAM,3604209656.0,148522.0,24267.176956949137
2025-11,2025-12-01,8542311000,Logic comparator,2114562062.0,455845.0,4638.774280731389
2025-11,2025-12-01,8542323000,MCP / HBM proxy,4675185540.0,92773.0,50393.81651989264
2025-11,2025-12-01,8542321030,NAND Flash,1101251822.0,40810.0,26984.852291105122
2025-12,2026-01-01,8542321010,DRAM,4156349480.0,175192.0,23724.539248367506
2025-12,2026-01-01,8542311000,Logic comparator,2049871593.0,499526.0,4103.6334304921065
2025-12,2026-01-01,8542323000,MCP / HBM proxy,6161489897.0,104666.0,58868.1128255594
2025-12,2026-01-01,8542321030,NAND Flash,1275594726.0,44990.0,28352.850100022228
2026-01,2026-02-01,8542321010,DRAM,5059378865.0,142420.0,35524.35658615363
2026-01,2026-02-01,8542311000,Logic comparator,2408512319.0,519207.0,4638.828673342232
2026-01,2026-02-01,8542323000,MCP / HBM proxy,4883414037.0,87596.0,55749.28121147084
2026-01,2026-02-01,8542321030,NAND Flash,1434956451.0,43577.0,32929.21612318425
2026-02,2026-03-01,8542321010,DRAM,6490777059.0,134749.0,48169.389450014474
2026-02,2026-03-01,8542311000,Logic comparator,2036464559.0,452575.0,4499.728352206816
2026-02,2026-03-01,8542323000,MCP / HBM proxy,6748826215.0,92874.0,72666.47517066133
2026-02,2026-03-01,8542321030,NAND Flash,1406223535.0,37497.0,37502.29445022268
2026-03,2026-04-01,8542321010,DRAM,8012443877.0,145289.0,55148.31733303967
2026-03,2026-04-01,8542311000,Logic comparator,2296092417.0,508975.0,4511.208638931185
2026-03,2026-04-01,8542323000,MCP / HBM proxy,8577241499.0,134548.0,63748.561844100244
2026-03,2026-04-01,8542321030,NAND Flash,2544596946.0,55480.0,45865.12159336698
2026-04,2026-05-01,8542321010,DRAM,9248046034.0,139113.0,66478.6614766413
2026-04,2026-05-01,8542311000,Logic comparator,2332636863.0,504233.0,4626.109086473912
2026-04,2026-05-01,8542323000,MCP / HBM proxy,8157215096.0,112173.0,72719.951289526
2026-04,2026-05-01,8542321030,NAND Flash,1673744099.0,36438.0,45934.027635984414
2026-05,2026-06-01,8542321010,DRAM,11428371245.0,147350.0,77559.35693926027
2026-05,2026-06-01,8542311000,Logic comparator,2355768203.0,506089.0,4654.849646998848
2026-05,2026-06-01,8542323000,MCP / HBM proxy,9621557514.0,114827.0,83791.76947930365
2026-05,2026-06-01,8542321030,NAND Flash,1721738700.0,30337.0,56753.75613936777
2026-06,2026-07-01,8542321010,DRAM,11175623231.0,149633.0,74686.88879458408
2026-06,2026-07-01,8542311000,Logic comparator,2286791909.0,544551.0,4199.408152771733
2026-06,2026-07-01,8542323000,MCP / HBM proxy,12682181416.0,134717.0,94139.42869867945
2026-06,2026-07-01,8542321030,NAND Flash,2486161310.0,40030.0,62107.452160879344
2026-07,2026-08-01,8542321010,DRAM,13551552131.0,155818.0,86970.38937093275
2026-07,2026-08-01,8542311000,Logic comparator,2419736388.0,546761.0,4425.583368235847
2026-07,2026-08-01,8542323000,MCP / HBM proxy,10085845139.0,105714.0,95406.90106324611
2026-07,2026-08-01,8542321030,NAND Flash,1780647499.0,28836.0,61750.849597725064
