recorded_at,source,symbol,name,country,currency,horizon,anchor_date,base_price,p10,p25,p50,p75,p90,prob_up,confidence,confidence_grade,shrinkage,status,target_date,realized_close,realized_return,in_80,in_50,dir_hit,abs_err_p50
2026-08-23T01:56:19+09:00,LIVE,005930,삼성전자,KR,KRW,5,2026-08-21,270000.0,232982.4012761196,255145.91229371072,277395.7556707113,305185.0479124997,339596.05892410746,0.6375,41.77797751884729,LOW,0.5633745332082497,PENDING,,,,,,,
2026-08-23T01:56:19+09:00,LIVE,005930,삼성전자,KR,KRW,10,2026-08-21,270000.0,212450.2515533764,240547.0883904828,272947.38753740425,312443.88116970524,360955.47575317696,0.3620689655172414,25.0,LOW,0.5954513095096361,PENDING,,,,,,,
2026-08-23T01:56:19+09:00,LIVE,005930,삼성전자,KR,KRW,30,2026-08-21,270000.0,180534.81871304603,225896.33520631568,294227.04856726015,440581.1107893914,613918.9120702203,0.6396825396825396,22.216677127932687,LOW,0.0,PENDING,,,,,,,
2026-08-23T01:56:19+09:00,LIVE,000660,SK하이닉스,KR,KRW,5,2026-08-21,1761000.0,1427940.5115895537,1609396.0473397737,1815487.3304402682,2037256.6054779647,2296482.6044726716,0.5658914728682171,25.0,LOW,0.33370919001455135,PENDING,,,,,,,
2026-08-23T01:56:19+09:00,LIVE,000660,SK하이닉스,KR,KRW,10,2026-08-21,1761000.0,1247899.202279647,1512981.9899936386,1829592.4514913063,2178953.2353253146,2556143.0559357186,0.5129206349206349,25.0,LOW,0.4384028676702627,PENDING,,,,,,,
2026-08-23T01:56:19+09:00,LIVE,000660,SK하이닉스,KR,KRW,30,2026-08-21,1761000.0,1152658.696364908,1469271.2416885924,2082413.0914385694,2979126.3145979173,3825047.50053593,0.4365079365079365,25.0,LOW,0.2513032382858285,PENDING,,,,,,,
2026-08-23T01:56:19+09:00,LIVE,MU,마이크론 테크놀로지,US,USD,5,2026-08-21,963.51,822.9417047578545,907.6378918689373,1000.8705074312552,1105.9782909381825,1218.8564288468792,0.6428571428571429,51.97084546000516,MEDIUM,0.6843504342396357,PENDING,,,,,,,
2026-08-23T01:56:19+09:00,LIVE,MU,마이크론 테크놀로지,US,USD,10,2026-08-21,963.51,787.3154231395549,901.263240019204,1053.737961351094,1191.952688137801,1334.6103688631472,0.5333333333333333,54.309690916800726,MEDIUM,0.8993407698847875,PENDING,,,,,,,
2026-08-23T01:56:19+09:00,LIVE,MU,마이크론 테크놀로지,US,USD,30,2026-08-21,963.51,721.9195804008941,909.7220455095509,1116.8005278243727,1527.6563207772112,2241.612328203209,0.7654320987654321,25.0,LOW,0.3936353014955846,PENDING,,,,,,,
2026-08-23T01:56:19+09:00,LIVE,SNDK,샌디스크,US,USD,5,2026-08-21,1593.2,1244.834440656994,1461.659188138541,1661.5875037396368,1968.2057034248978,2144.0159995961544,0.6666666666666666,24.418707962199544,LOW,0.7159090909090908,PENDING,,,,,,,
2026-08-23T01:56:19+09:00,LIVE,SNDK,샌디스크,US,USD,10,2026-08-21,1593.2,1267.9754079662355,1475.7667897539097,1752.5123989811368,2100.5178378928144,2273.164347030001,0.7151515151515158,55.96137078218103,MEDIUM,0.5575221238938053,PENDING,,,,,,,
2026-08-23T01:56:19+09:00,LIVE,SNDK,샌디스크,US,USD,30,2026-08-21,1593.2,989.9474848835679,1163.4118027222228,1745.2368043401973,2425.511750984671,3259.216599286125,0.8888888888888888,25.866666666666667,LOW,0.22680412371134018,PENDING,,,,,,,
2026-08-23T01:56:19+09:00,LIVE,403870,HPSP,KR,KRW,5,2026-08-21,44900.0,35717.34604870729,39587.52589784129,43742.077818088634,49284.544401284955,56227.244850990704,0.4,41.984613823407976,LOW,0.4989799933248298,PENDING,,,,,,,
2026-08-23T01:56:19+09:00,LIVE,403870,HPSP,KR,KRW,10,2026-08-21,44900.0,33853.97518545329,38905.95940783711,44508.48876285729,53880.82060111564,67213.29699370523,0.47619047619047616,25.0,LOW,0.0,PENDING,,,,,,,
2026-08-23T01:56:19+09:00,LIVE,403870,HPSP,KR,KRW,30,2026-08-21,44900.0,27671.146658785095,34248.077778492945,44256.217605490005,61081.15763229337,78136.99289365471,0.48253968253968255,25.0,LOW,0.0,PENDING,,,,,,,
2026-08-23T01:56:19+09:00,LIVE,042700,한미반도체,KR,KRW,5,2026-08-21,214500.0,180548.17832103014,195491.04831458098,215455.5309132577,239009.40022842196,289352.6237252213,0.5126984126984127,25.0,LOW,0.0,PENDING,,,,,,,
2026-08-23T01:56:19+09:00,LIVE,042700,한미반도체,KR,KRW,10,2026-08-21,214500.0,167109.22714280724,187473.866531201,217295.55502205464,266706.4561874524,363047.094364584,0.5238095238095238,25.0,LOW,0.0,PENDING,,,,,,,
2026-08-23T01:56:19+09:00,LIVE,042700,한미반도체,KR,KRW,30,2026-08-21,214500.0,122002.66584712881,161925.9474001859,206178.01765004077,346008.0201123612,614294.6616199431,0.6255411255411265,42.479067541865476,LOW,0.23086617679750335,PENDING,,,,,,,
2026-08-23T01:56:19+09:00,LIVE,ASML,ASML 홀딩(ADR),US,USD,5,2026-08-21,1764.0,1649.3623115353153,1711.119098289953,1776.8357785558294,1865.2034932655288,1962.2480660459585,0.5423340961098398,45.820787936632776,MEDIUM,0.3471293853101259,PENDING,,,,,,,
2026-08-23T01:56:19+09:00,LIVE,ASML,ASML 홀딩(ADR),US,USD,10,2026-08-21,1764.0,1601.1191902177027,1700.2355464236753,1786.8684817394474,1920.0909847111084,2094.6822246779866,0.5873015873015873,25.0,LOW,0.0,PENDING,,,,,,,
2026-08-23T01:56:19+09:00,LIVE,ASML,ASML 홀딩(ADR),US,USD,30,2026-08-21,1764.0,1525.2303808724084,1672.3536169061492,1880.3263560134728,2093.7639429283013,2450.2010033780193,0.7040816326530612,33.792987163956994,LOW,0.507066814175984,PENDING,,,,,,,
2026-08-23T01:56:19+09:00,LIVE,KLAC,KLA,US,USD,5,2026-08-21,184.26,165.65412506009315,177.0412718145084,187.9362128964588,199.3653926705412,213.92827218375726,0.6595092024539877,68.36034282144836,MEDIUM,0.7471608187929083,PENDING,,,,,,,
2026-08-23T01:56:19+09:00,LIVE,KLAC,KLA,US,USD,10,2026-08-21,184.26,161.36040104950908,174.92596599104314,190.61511432211324,210.26214006436214,231.2028756736731,0.6261859582542695,41.41173426201309,LOW,0.3819512216050188,PENDING,,,,,,,
2026-08-23T01:56:19+09:00,LIVE,KLAC,KLA,US,USD,30,2026-08-21,184.26,151.27487597119358,171.5540617253106,196.33721041228506,235.42167365637974,272.3610785134336,0.5502392344497608,25.0,LOW,0.4045084656775412,PENDING,,,,,,,
2026-08-23T01:56:19+09:00,LIVE,AMAT,어플라이드 머티리얼즈,US,USD,5,2026-08-21,492.1,434.7948655864443,469.3532302139805,498.93259792820413,544.1249579035724,584.0055752332042,0.5369458128078818,25.0,LOW,0.7203884627467809,PENDING,,,,,,,
2026-08-23T01:56:19+09:00,LIVE,AMAT,어플라이드 머티리얼즈,US,USD,10,2026-08-21,492.1,418.1053032024754,461.5511262660695,503.3178910810604,583.4996087722192,656.0626720349392,0.4923076923076923,25.0,LOW,0.4374335467313702,PENDING,,,,,,,
2026-08-23T01:56:19+09:00,LIVE,AMAT,어플라이드 머티리얼즈,US,USD,30,2026-08-21,492.1,352.18452868677923,437.1663742704469,530.2319011095402,662.2529546138993,812.5415010305486,0.6587301587301587,20.987713029173776,LOW,0.0,PENDING,,,,,,,
2026-08-23T01:56:19+09:00,LIVE,TSM,TSMC(ADR),US,USD,5,2026-08-21,419.68,395.36273134039106,408.18554869073347,423.3250883076309,437.94582631720914,452.4187039153203,0.549618320610687,55.396676362263584,MEDIUM,0.3045611769387283,PENDING,,,,,,,
2026-08-23T01:56:19+09:00,LIVE,TSM,TSMC(ADR),US,USD,10,2026-08-21,419.68,399.73173653109836,416.1284524857602,435.2334329921801,454.9434443383614,472.1357221331251,0.683753315649867,79.65177050651823,HIGH,0.7621733312499609,PENDING,,,,,,,
2026-08-23T01:56:19+09:00,LIVE,TSM,TSMC(ADR),US,USD,30,2026-08-21,419.68,386.9209487328206,415.45565640658145,452.514402677965,491.0415964355278,522.165455364172,0.7102803738317757,42.03857069261337,LOW,0.4396135285727428,PENDING,,,,,,,
2026-08-23T01:56:19+09:00,LIVE,NVDA,엔비디아,US,USD,5,2026-08-21,215.38,203.69450331781476,209.24657965926835,216.83186572254223,223.99415163476885,231.45528376338743,0.5707964601769911,44.96126749615347,LOW,0.0659866859592146,PENDING,,,,,,,
2026-08-23T01:56:19+09:00,LIVE,NVDA,엔비디아,US,USD,10,2026-08-21,215.38,201.64288334733828,209.00335989011836,217.92925026398498,227.8079217008138,237.86042236617618,0.5841269841269842,25.0,LOW,0.0,PENDING,,,,,,,
2026-08-23T01:56:19+09:00,LIVE,NVDA,엔비디아,US,USD,30,2026-08-21,215.38,190.12965179021668,202.75886160783946,218.824239557761,239.31516178333462,263.4732155789634,0.5936507936507937,25.0,LOW,0.0,PENDING,,,,,,,
2026-08-23T01:56:19+09:00,LIVE,AMD,AMD,US,USD,5,2026-08-21,472.361,417.91703908279084,445.9830011920442,476.6220251630637,513.294521301289,559.9967076112224,0.5476190476190477,25.0,LOW,0.0,PENDING,,,,,,,
2026-08-23T01:56:19+09:00,LIVE,AMD,AMD,US,USD,10,2026-08-21,472.361,400.3444850843736,438.32097584453214,475.5964427801011,557.3477907876933,659.9932195278568,0.5095238095238095,25.0,LOW,0.0,PENDING,,,,,,,
2026-08-23T01:56:19+09:00,LIVE,AMD,AMD,US,USD,30,2026-08-21,472.361,358.1936998973291,398.9318570067807,473.6692725358765,702.554833960861,1135.926469252871,0.5031746031746032,25.0,LOW,0.0,PENDING,,,,,,,
2026-08-23T01:56:19+09:00,LIVE,GOOGL,알파벳 A,US,USD,5,2026-08-21,345.1,313.67649385552954,331.44408242112684,347.98981066514926,363.99211189622946,380.09299775230124,0.5634920634920635,25.0,LOW,0.0,PENDING,,,,,,,
2026-08-23T01:56:19+09:00,LIVE,GOOGL,알파벳 A,US,USD,10,2026-08-21,345.1,311.74242195063493,329.7310555837774,350.6277237902838,369.7369892334866,396.7021930327386,0.6111111111111112,25.0,LOW,0.0,PENDING,,,,,,,
2026-08-23T01:56:19+09:00,LIVE,GOOGL,알파벳 A,US,USD,30,2026-08-21,345.1,288.64102944811964,319.82755806488393,360.599368009296,419.2521859738856,485.5068830757932,0.6777777777777778,22.160637171686513,LOW,0.0,PENDING,,,,,,,
2026-08-23T01:56:19+09:00,LIVE,AAPL,애플,US,USD,5,2026-08-21,309.65,289.44277687192556,301.4391786502925,312.26734633100784,323.265791205229,331.84723697941075,0.5840220385674931,67.92142843370108,MEDIUM,0.46862586496657244,PENDING,,,,,,,
2026-08-23T01:56:19+09:00,LIVE,AAPL,애플,US,USD,10,2026-08-21,309.65,285.2947511846393,298.8389419472108,312.4618683464804,328.1478524500571,343.61854284847266,0.5766871165644172,57.121537081744734,MEDIUM,0.3997739700046026,PENDING,,,,,,,
2026-08-23T01:56:19+09:00,LIVE,AAPL,애플,US,USD,30,2026-08-21,309.65,267.0106940231029,294.66740758399305,314.5835919277517,339.2501793693591,366.22389101934397,0.5808823529411764,37.090056054764965,LOW,0.32060610472314555,PENDING,,,,,,,
2026-08-23T01:56:19+09:00,LIVE,PLTR,팔란티어,US,USD,5,2026-08-21,179.84,145.69145855709849,164.93986221479025,182.790306382411,194.92544063127255,210.67131868099085,0.5682539682539682,25.0,LOW,0.0,PENDING,,,,,,,
2026-08-23T01:56:19+09:00,LIVE,PLTR,팔란티어,US,USD,10,2026-08-21,179.84,136.2366968911703,163.2668011514894,185.56431747332564,205.79232966307623,228.0433711206014,0.43506493506493504,25.0,LOW,0.4419498652432689,PENDING,,,,,,,
2026-08-23T01:56:19+09:00,LIVE,PLTR,팔란티어,US,USD,30,2026-08-21,179.84,91.78109808926953,121.68178789097098,195.75432020895448,231.0460983135277,298.1249198598598,0.6714285714285714,25.0,LOW,0.0,PENDING,,,,,,,
2026-08-23T01:56:19+09:00,LIVE,CAT,캐터필러,US,USD,5,2026-08-21,827.2,775.3135454809966,804.2084890231728,835.1072325765032,869.8141882199495,909.3619160913738,0.5761904761904761,25.0,LOW,0.0,PENDING,,,,,,,
2026-08-23T01:56:19+09:00,LIVE,CAT,캐터필러,US,USD,10,2026-08-21,827.2,751.5094163309232,789.8455602807844,849.9517031913297,903.7772224474783,948.3453715055714,0.5888888888888889,25.0,LOW,0.0,PENDING,,,,,,,
2026-08-23T01:56:19+09:00,LIVE,CAT,캐터필러,US,USD,30,2026-08-21,827.2,712.0992592466489,764.2393558045443,875.7907828670383,973.1526263037448,1053.319377314859,0.653968253968254,25.0,LOW,0.0,PENDING,,,,,,,
2026-08-23T01:56:19+09:00,LIVE,VST,비스트라 에너지,US,USD,5,2026-08-21,137.55,126.15049550685607,131.6752058020851,138.32350366902062,143.89626772491138,151.4885268776768,0.5476190476190477,25.0,LOW,0.0,PENDING,,,,,,,
2026-08-23T01:56:19+09:00,LIVE,VST,비스트라 에너지,US,USD,10,2026-08-21,137.55,124.82299378556549,130.98536021171424,138.36412420344138,147.3754673682814,158.04008258641358,0.5301587301587302,25.0,LOW,0.0,PENDING,,,,,,,
2026-08-23T01:56:19+09:00,LIVE,VST,비스트라 에너지,US,USD,30,2026-08-21,137.55,117.60632420913167,126.74188885171961,139.98521317471605,156.5569578245269,186.33569925639935,0.5714285714285714,25.0,LOW,0.0,PENDING,,,,,,,
2026-08-23T01:56:19+09:00,LIVE,034020,두산에너빌리티,KR,KRW,5,2026-08-21,73400.0,62207.23508799501,67542.09815617555,74305.2863971525,80076.11575215354,86076.3448256925,0.5619047619047619,25.0,LOW,0.0,PENDING,,,,,,,
2026-08-23T01:56:19+09:00,LIVE,034020,두산에너빌리티,KR,KRW,10,2026-08-21,73400.0,60468.24944393495,66996.5863937138,75243.80193291485,84124.87349982551,95321.31574248904,0.5746031746031746,23.576320097312788,LOW,0.0,PENDING,,,,,,,
2026-08-23T01:56:19+09:00,LIVE,034020,두산에너빌리티,KR,KRW,30,2026-08-21,73400.0,43879.04328003108,57305.95732026895,77539.4371191664,94396.72111551586,116154.97283206458,0.6142857142857143,25.0,LOW,0.0,PENDING,,,,,,,
2026-08-23T01:56:19+09:00,LIVE,OKLO,오클로,US,USD,5,2026-08-21,42.1,37.08439837484606,38.776727581581646,41.286873855748105,45.39735618767082,50.31437116996686,0.4380952380952381,61.12641487411887,MEDIUM,0.0,PENDING,,,,,,,
2026-08-23T01:56:19+09:00,LIVE,OKLO,오클로,US,USD,10,2026-08-21,42.1,33.73694996541581,37.341357985902185,42.20366671815733,47.70087481574898,55.425623459522214,0.5047619047619047,25.0,LOW,0.0,PENDING,,,,,,,
2026-08-23T01:56:19+09:00,LIVE,OKLO,오클로,US,USD,30,2026-08-21,42.1,27.324769810227235,32.84432341452804,42.05423720125161,56.64605757038452,85.72670158661442,0.49523809523809526,25.0,LOW,0.0,PENDING,,,,,,,
2026-08-23T01:56:19+09:00,LIVE,SPCX,스페이스X,US,USD,5,2026-08-21,136.75,116.08739377359687,124.95405506218658,133.65143786464037,148.08979970591443,170.18888202903764,0.4090909090909091,15.0,LOW,1.0,PENDING,,,,,,,
2026-08-23T01:56:19+09:00,LIVE,SPCX,스페이스X,US,USD,10,2026-08-21,136.75,111.17477236794761,118.48039487882184,134.37050932794708,163.64434953854348,182.78111462920077,0.41025641025641024,15.0,LOW,1.0,PENDING,,,,,,,
2026-08-23T01:56:19+09:00,LIVE,SPCX,스페이스X,US,USD,30,2026-08-21,136.75,89.40832029594048,107.25569740888888,135.48356438226358,143.61534249684203,149.44463488892183,0.47368421052631576,15.0,LOW,1.0,PENDING,,,,,,,
2026-08-23T01:56:19+09:00,LIVE,SMR,뉴스케일파워,US,USD,5,2026-08-21,9.4,8.002611637402433,8.616905682357128,9.43390170794602,10.18841762244512,11.112856596849907,0.5111111111111111,25.0,LOW,0.0,PENDING,,,,,,,
2026-08-23T01:56:19+09:00,LIVE,SMR,뉴스케일파워,US,USD,10,2026-08-21,9.4,7.328439911659736,8.265137733017546,9.467443225251504,10.632654505012722,11.961409816916772,0.5190476190476191,25.0,LOW,0.0,PENDING,,,,,,,
2026-08-23T01:56:19+09:00,LIVE,SMR,뉴스케일파워,US,USD,30,2026-08-21,9.4,4.537639624384946,6.285479745578439,9.532852131442278,11.718129405863747,16.080949423120718,0.5380952380952381,25.0,LOW,0.0,PENDING,,,,,,,
