date,open,high,low,close,volume
2025-01-27,197.04,207.0,187.665,192.31,68667472.0
2025-01-28,195.65,202.84,192.46,202.4,31738835.0
2025-01-29,204.49,206.45,199.75,202.33,15199493.0
2025-01-30,206.57,209.62,205.4161,208.15,13538952.0
2025-01-31,209.93,215.0,208.2,209.32,15781905.0
2025-02-03,199.63,204.99,197.98,199.8,17719766.0
2025-02-04,204.07,205.75,202.08,204.05,12692908.0
2025-02-05,206.0,210.48,203.83,208.57,10997769.0
2025-02-06,210.055,211.18,207.0,210.5,8491436.0
2025-02-07,213.01,213.18,205.72,206.12,11616199.0
2025-02-10,208.0,209.98,206.53,207.95,9296479.0
2025-02-11,205.13,209.84,201.0,208.74,9224508.0
2025-02-12,204.9,207.0691,203.01,206.38,7373675.0
2025-02-13,201.88,202.3,199.23,201.83,15580928.0
2025-02-14,199.98,206.25,197.4605,203.9,23220332.0
2025-02-18,204.755,205.85,200.52,202.74,14988136.0
2025-02-19,202.01,202.6,200.02,200.95,13163071.0
2025-02-20,200.28,200.34,197.61,200.1,10639333.0
2025-02-21,201.33,202.69,196.01,198.24,13757337.0
2025-02-24,196.88,198.79,191.46,191.65,15114277.0
2025-02-25,190.65,193.53,187.468,189.37,20580951.0
2025-02-26,191.09,196.08,191.09,194.62,14112250.0
2025-02-27,194.69,194.77,181.08,181.09,24219211.0
2025-02-28,179.31,182.16,175.52,180.53,27929427.0
2025-03-03,181.15,181.57,171.07,172.97,37402998.0
2025-03-04,175.06,183.6,174.18,180.0,29395234.0
2025-03-05,183.0,184.74,180.72,184.28,17333996.0
2025-03-06,178.575,181.55,175.79,175.85,17864290.0
2025-03-07,175.79,178.47,171.02,177.1,21012687.0
2025-03-10,172.47,174.89,167.91,170.65,18265099.0
2025-03-11,170.65,173.3346,168.1,170.97,16561137.0
2025-03-12,175.6,178.13,174.76,177.17,14737610.0
2025-03-13,173.89,173.89,170.5,171.59,14381570.0
2025-03-14,172.65,174.37,171.9309,174.09,11449411.0
2025-03-17,173.95,177.16,173.82,176.24,9678112.0
2025-03-18,174.38,174.5755,170.4324,173.13,9986033.0
2025-03-19,173.0,175.73,171.74,173.76,10678482.0
2025-03-20,174.85,178.67,174.55,177.47,12209690.0
2025-03-21,174.91,177.2,173.7918,176.73,9993226.0
2025-03-24,179.99,182.925,179.675,181.16,11440018.0
2025-03-25,182.47,182.51,179.8,180.9,8718753.0
2025-03-26,179.23,179.55,171.4662,173.5,14644601.0
2025-03-27,171.39,171.61,167.55,168.24,17559075.0
2025-03-28,168.04,168.63,164.06,165.25,16331998.0
2025-03-31,160.36,166.13,159.73,166.0,19408272.0
2025-04-01,166.39,168.87,165.06,168.64,9180009.0
2025-04-02,166.85,171.75,166.345,170.39,10072689.0
2025-04-03,160.06,161.8,157.21,157.38,28370483.0
2025-04-04,150.89,151.31,144.84,146.8,36085144.0
2025-04-07,134.51,153.75,134.25,146.17,46388328.0
2025-04-08,151.98,152.61,138.98,141.37,30479663.0
2025-04-09,140.2,160.62,137.9,158.75,45612516.0
2025-04-10,155.5,156.0,146.91,151.13,24503452.0
2025-04-11,156.0,158.01,153.25,157.08,19632205.0
2025-04-14,158.3,158.59,154.03,155.84,17509449.0
2025-04-15,156.485,158.25,156.05,157.33,14306631.0
2025-04-16,150.6,153.54,148.49,151.67,23806098.0
2025-04-17,156.05,157.5,151.4469,151.74,27239900.0
2025-04-21,149.99,150.28,145.84,147.86,15170478.0
2025-04-22,148.0,152.5996,147.4401,151.4,12668584.0
2025-04-23,159.37,160.38,156.0,157.81,17667929.0
2025-04-24,157.78,164.55,157.39,164.18,18761145.0
2025-04-25,163.93,165.91,161.16,165.1,14654790.0
2025-04-28,165.0,165.32,160.5,163.4,11415622.0
2025-04-29,164.38,166.0,163.5,164.48,9830097.0
2025-04-30,163.54,166.92,161.75,166.69,10073011.0
2025-05-01,172.8,174.78,170.95,172.72,22670639.0
2025-05-02,179.795,180.65,177.14,179.28,21691162.0
2025-05-05,179.0,180.08,176.25,176.4,14618920.0
2025-05-06,172.6,174.74,170.5884,172.28,14565567.0
2025-05-07,174.1,175.98,171.37,174.54,9703998.0
2025-05-08,175.34,177.45,173.66,175.22,10342957.0
2025-05-09,179.8,180.46,176.47,176.52,11582754.0
2025-05-12,187.28,189.17,184.61,186.98,22064866.0
2025-05-13,187.72,194.28,187.72,193.99,19996036.0
2025-05-14,195.28,196.22,193.23,194.76,12358953.0
2025-05-15,193.1,194.49,191.63,194.22,10241765.0
2025-05-16,194.53,195.08,192.57,194.22,9146662.0
2025-05-19,189.0,193.5,188.8107,193.5,10144438.0
2025-05-20,191.8,193.73,190.81,193.45,7054072.0
2025-05-21,193.1,195.27,190.53,191.76,7375650.0
2025-05-22,191.34,196.83,191.335,196.19,11824973.0
2025-05-23,192.02,192.8,190.03,191.98,9403136.0
2025-05-27,194.095,198.31,193.7,197.68,12228212.0
2025-05-28,196.09,198.065,195.48,196.14,17787617.0
2025-05-29,199.46,199.8,196.08,197.15,14624606.0
2025-05-30,195.77,195.91,190.56,193.32,11998300.0
2025-06-02,193.035,195.16,192.195,194.84,7447367.0
2025-06-03,194.345,198.1685,193.64,197.61,9548320.0
2025-06-04,201.38,204.03,200.38,202.4,13531121.0
2025-06-05,204.88,205.76,202.28,203.34,12242180.0
2025-06-06,203.58,206.29,203.23,205.18,8531979.0
2025-06-09,206.4,209.27,205.87,207.0,11472258.0
2025-06-10,211.605,213.23,209.96,212.46,14513988.0
2025-06-11,215.0,217.43,212.95,214.1,13326440.0
2025-06-12,212.92,215.88,211.91,215.43,9796134.0
2025-06-13,210.11,213.26,209.4,211.1,10152533.0
2025-06-16,213.0,217.6,212.73,215.68,10932869.0
2025-06-17,213.89,215.94,213.5,213.9,8389651.0
2025-06-18,214.695,215.1651,212.89,213.5,6931992.0
2025-06-20,215.2,215.4978,208.15,209.51,16992048.0
2025-06-23,206.63,210.59,206.2015,210.32,7535531.0
2025-06-24,214.39,220.365,213.88,220.09,14814705.0
2025-06-25,220.8,223.5,220.8,222.74,9168374.0
2025-06-26,224.98,225.22,222.6956,224.01,7982208.0
2025-06-27,224.3,228.88,224.03,228.57,13132971.0
2025-06-30,227.44,228.15,224.8,226.49,9279803.0
2025-07-01,227.425,228.6,221.18,224.68,9990210.0
2025-07-02,224.48,233.82,224.0,233.6,12012459.0
2025-07-03,233.87,237.58,233.27,234.8,7779584.0
2025-07-07,231.63,232.55,227.44,229.17,13817520.0
2025-07-08,229.78,230.33,227.535,227.86,8854432.0
2025-07-09,230.45,233.27,230.24,231.84,9475340.0
2025-07-10,232.78,233.05,227.77,229.76,13124703.0
2025-07-11,231.0,232.27,229.4001,230.4,8817763.0
2025-07-14,229.33,229.85,226.31,228.67,10673518.0
2025-07-15,234.46,237.71,233.85,236.95,14270133.0
2025-07-16,236.395,238.31,234.15,237.56,15092753.0
2025-07-17,245.79,248.28,241.39,245.6,27395684.0
2025-07-18,245.31,245.97,238.69,240.4,16252018.0
2025-07-21,240.12,242.34,238.71,238.85,11971805.0
2025-07-22,237.83,238.0,231.76,234.6,11919542.0
2025-07-23,238.52,240.5,236.38,240.33,9885441.0
2025-07-24,240.205,241.95,238.03,241.6,9081946.0
2025-07-25,241.32,246.24,240.94,245.6,11593366.0
2025-07-28,243.0,243.95,241.05,242.75,11892202.0
2025-07-29,241.495,243.97,239.82,241.33,9411525.0
2025-07-30,242.12,244.57,241.22,242.91,6823770.0
2025-07-31,245.98,247.41,239.8,241.62,13490682.0
2025-08-01,235.62,237.19,231.8401,235.21,13549793.0
2025-08-04,237.91,239.0,236.39,239.0,6450728.0
2025-08-05,238.325,238.63,230.17,232.47,11868867.0
2025-08-06,231.03,232.2,228.82,231.37,9457183.0
2025-08-07,244.47,247.84,240.8,242.62,17691005.0
2025-08-08,243.16,243.16,238.97,241.83,10552538.0
2025-08-11,242.04,245.35,241.54,242.09,8272863.0
2025-08-12,243.72,244.77,241.7,244.29,7301986.0
2025-08-13,246.43,246.43,239.94,241.44,7971850.0
2025-08-14,237.97,241.38,236.82,241.0,11040536.0
2025-08-15,240.33,240.8,237.26,238.88,8155486.0
2025-08-18,239.99,242.8575,239.99,241.41,6919779.0
2025-08-19,240.02,240.165,232.58,232.7,14594688.0
2025-08-20,228.14,229.03,223.7,228.6,17165201.0
2025-08-21,228.15,230.33,226.26,227.33,7449144.0
2025-08-22,228.0,234.4493,226.17,232.99,10299467.0
2025-08-25,234.3,237.275,232.2501,235.59,7654954.0
2025-08-26,236.37,238.83,235.73,238.72,9793068.0
2025-08-27,236.87,239.4,235.4356,239.29,9516362.0
2025-08-28,236.295,240.66,236.0,238.27,8466216.0
2025-08-29,235.84,235.95,230.58,230.87,15526018.0
2025-09-02,226.15,229.34,225.6301,228.39,13974904.0
2025-09-03,231.515,232.445,228.6,231.39,7198492.0
2025-09-04,231.35,235.31,230.3,235.21,6241940.0
2025-09-05,240.24,244.55,237.9,243.41,14056566.0
2025-09-08,241.99,247.88,241.62,247.19,12986596.0
2025-09-09,246.93,254.7299,246.93,250.92,13443419.0
2025-09-10,258.87,264.58,257.75,260.44,18822431.0
2025-09-11,260.345,261.64,258.2301,258.91,10004967.0
2025-09-12,260.85,260.95,258.38,259.33,8496585.0
2025-09-15,260.0,262.8,258.75,261.38,8147738.0
2025-09-16,265.92,266.4383,260.61,262.06,10381854.0
2025-09-17,264.34,264.81,259.73,262.79,10422030.0
2025-09-18,258.0,270.54,257.98,268.64,16917295.0
2025-09-19,266.37,266.57,262.8102,264.87,17640249.0
2025-09-22,266.54,276.36,265.45,272.63,15630292.0
2025-09-23,282.395,286.0,280.0,282.71,17830324.0
2025-09-24,280.305,281.21,276.7177,280.71,10230965.0
2025-09-25,273.12,277.14,270.19,276.66,11863397.0
2025-09-26,273.89,275.5,270.62,273.36,10451886.0
2025-09-29,276.49,279.87,273.23,273.23,8046187.0
2025-09-30,275.32,279.49,273.83,279.29,8348796.0
2025-10-01,278.435,290.48,277.17,288.47,14620139.0
2025-10-02,296.52,296.72,287.031,288.11,10197961.0
2025-10-03,292.86,296.0634,290.49,292.19,10572491.0
2025-10-06,300.01,307.3,299.935,302.4,15785026.0
2025-10-07,306.62,307.1,293.28,294.03,13080969.0
2025-10-08,295.0,306.4,293.98,304.52,12821210.0
2025-10-09,302.305,302.83,297.42,299.88,10259887.0
2025-10-10,299.955,300.2,280.33,280.66,23398001.0
2025-10-13,298.235,304.63,292.32,302.89,20318268.0
2025-10-14,295.63,301.75,291.3426,295.94,16567867.0
2025-10-15,306.285,306.61,300.07,304.71,20788021.0
2025-10-16,310.93,311.3685,296.69,299.84,26341457.0
2025-10-17,298.395,303.3,294.915,295.08,17633323.0
2025-10-20,300.0,303.65,297.06,297.7,13391614.0
2025-10-21,299.0,299.37,293.655,294.51,11190502.0
2025-10-22,293.0,295.2,284.4,288.88,15409109.0
2025-10-23,289.8,294.09,289.63,290.73,10379853.0
2025-10-24,295.57,297.9499,294.3897,294.96,8747007.0
2025-10-27,298.65,300.48,293.69,298.25,13615029.0
2025-10-28,298.315,302.13,296.08,301.53,11804198.0
2025-10-29,305.8,307.96,302.38,305.09,16177305.0
2025-10-30,303.08,307.31,300.8248,303.22,14507088.0
2025-10-31,305.99,307.675,296.675,300.43,12667857.0
2025-11-03,302.59,310.12,302.12,304.86,12466592.0
2025-11-04,296.88,301.99,293.51,294.05,16224285.0
2025-11-05,292.62,298.2185,291.5,293.64,10502502.0
2025-11-06,294.1,294.64,287.3811,289.24,11516858.0
2025-11-07,285.21,287.885,277.13,286.5,15715706.0
2025-11-10,294.36,297.13,291.75,295.27,10869194.0
2025-11-11,292.06,294.92,288.91,291.17,9666250.0
2025-11-12,293.7,294.87,289.58,290.62,9715927.0
2025-11-13,289.17,289.4998,280.0,282.2,13827622.0
2025-11-14,275.91,286.86,273.23,284.82,11486828.0
2025-11-17,281.44,286.53,279.8,282.01,10227124.0
2025-11-18,277.55,280.19,272.72,277.91,11850366.0
2025-11-19,276.92,284.5489,276.32,282.37,11179176.0
2025-11-20,292.21,292.85,276.41,277.5,15747324.0
2025-11-21,272.81,278.6887,266.82,275.06,20872828.0
2025-11-24,273.19,285.06,273.19,284.64,13570309.0
2025-11-25,282.73,285.4,273.08,284.68,13726811.0
2025-11-26,289.1025,292.81,287.73,289.96,12220253.0
2025-11-28,292.48,292.67,289.0,291.51,5515376.0
2025-12-01,286.92,291.1599,283.19,287.68,7713000.0
2025-12-02,292.0,294.5,289.18,292.09,10746376.0
2025-12-03,292.18,296.6225,286.07,295.45,9599221.0
2025-12-04,293.98,294.03,290.2,292.93,6752997.0
2025-12-05,296.05,300.8,293.25,294.72,10275297.0
2025-12-08,301.2,302.62,296.72,301.87,16643118.0
2025-12-09,299.99,304.68,298.5,303.41,11349073.0
2025-12-10,305.37,313.98,302.5,310.14,12429150.0
2025-12-11,305.32,305.84,299.64,304.85,15028375.0
2025-12-12,304.28,304.28,290.976,292.04,19306089.0
2025-12-15,295.145,295.8,287.55,287.74,12082441.0
2025-12-16,287.26,288.46,283.32,286.87,11418442.0
2025-12-17,288.525,289.1,275.0773,276.96,16823004.0
2025-12-18,285.0,287.16,281.7501,284.68,11260340.0
2025-12-19,286.38,292.17,286.38,288.95,12735804.0
2025-12-22,294.67,295.01,291.21,293.28,6091071.0
2025-12-23,293.395,297.91,292.2001,296.95,6802255.0
2025-12-24,297.74,299.16,296.2301,298.8,2753914.0
2025-12-26,299.9,303.38,298.52,302.84,5125913.0
2025-12-29,301.78,304.5,298.65,300.92,6205140.0
2025-12-30,302.36,304.55,299.45,299.58,6190570.0
2025-12-31,304.0,307.39,303.43,303.89,8175079.0
2026-01-02,311.98,321.59,311.7,319.61,18526908.0
2026-01-05,330.4,331.25,321.5,322.25,17446299.0
2026-01-06,330.22,333.08,324.59,327.43,15599625.0
2026-01-07,324.67,326.3,318.544,318.68,11744818.0
2026-01-08,324.39,324.5,316.14,318.01,10850820.0
2026-01-09,319.83,324.77,318.2501,323.63,12325146.0
2026-01-12,322.1,333.55,321.06,331.77,12714751.0
2026-01-13,332.87,336.42,330.78,331.21,11473628.0
2026-01-14,329.86,329.86,324.82,327.11,11210830.0
2026-01-15,342.805,351.33,337.92,341.64,42188476.0
2026-01-16,346.51,349.85,341.46,342.4,18246104.0
2026-01-20,340.79,342.15,326.9,327.16,22809919.0
2026-01-21,333.43,333.64,325.68,326.12,16789752.0
2026-01-22,333.42,335.05,326.9,327.37,12800956.0
2026-01-23,332.07,337.15,331.3701,334.87,12904448.0
2026-01-26,332.79,335.1,330.23,332.71,8646389.0
2026-01-27,336.5,341.25,334.56,338.34,11298113.0
2026-01-28,343.03,345.5,338.66,342.3,12140053.0
2026-01-29,339.8,343.74,328.2,339.55,13844752.0
2026-01-30,335.42,339.9,329.1,330.56,12028080.0
2026-02-02,330.755,344.2,329.1,341.36,12459096.0
2026-02-03,345.07,347.0475,330.02,335.75,12540016.0
2026-02-04,335.6,338.8,319.07,325.74,18175958.0
2026-02-05,322.82,334.57,319.65,330.73,14812040.0
2026-02-06,337.5,349.72,336.65,348.85,17025523.0
2026-02-09,348.76,359.6,347.8,355.41,14594922.0
2026-02-10,364.33,364.7613,356.39,361.91,14622132.0
2026-02-11,370.075,379.58,368.39,374.09,18651340.0
2026-02-12,379.0,380.0,322.1,368.1,16835434.0
2026-02-13,369.15,371.1099,360.77,366.36,10468150.0
2026-02-17,361.865,366.2,356.24,364.2,10063802.0
2026-02-18,363.86,369.3899,360.71,362.26,7310453.0
2026-02-19,359.72,362.8,357.44,360.39,6346478.0
2026-02-20,359.78,372.2,359.1,370.54,9009239.0
2026-02-23,367.01,373.4299,366.46,370.04,9550221.0
2026-02-24,379.4,389.18,376.05,385.75,13269457.0
2026-02-25,390.205,390.205,384.83,387.73,10948404.0
2026-02-26,386.18,386.4746,369.7,376.81,14535745.0
2026-02-27,370.14,376.68,368.62,374.58,9186555.0
2026-03-02,365.36,373.1,364.65,369.11,12571595.0
2026-03-03,349.55,355.98,344.14,353.13,18580214.0
2026-03-04,357.43,361.09,354.55,357.44,12131052.0
2026-03-05,354.9,359.47,343.8,353.86,16249803.0
2026-03-06,343.5,348.7199,336.69,338.89,13803038.0
2026-03-09,335.6,349.4,331.92,348.7,19182765.0
2026-03-10,348.47,353.5,344.31,347.09,12985620.0
2026-03-11,353.93,357.35,350.3601,354.56,10683279.0
2026-03-12,345.93,346.89,336.38,336.71,17549421.0
2026-03-13,343.92,344.5169,336.22,338.31,17299921.0
2026-03-16,341.25,344.63,339.82,340.23,11123540.0
2026-03-17,340.6,346.76,338.4,345.98,11434604.0
2026-03-18,345.775,347.95,339.335,339.57,12632625.0
2026-03-19,329.22,339.9,325.19,338.79,15411566.0
2026-03-20,336.68,337.6,325.9,329.24,17424155.0
2026-03-23,331.1,343.41,331.1,338.45,15857233.0
2026-03-24,335.57,344.88,334.02,343.25,9725008.0
2026-03-25,346.0,350.445,343.5,347.75,12166926.0
2026-03-26,339.82,340.91,325.37,326.11,14560166.0
2026-03-27,324.83,329.56,322.3101,326.74,14484511.0
2026-03-30,327.2,329.6,313.8,316.5,15739952.0
2026-03-31,322.31,338.41,321.1437,337.95,18487992.0
2026-04-01,343.9,348.68,339.75,341.49,15011626.0
2026-04-02,326.84,342.07,326.8,339.04,8994644.0
2026-04-06,339.75,344.2,338.62,341.76,5884800.0
2026-04-07,339.44,345.53,335.6501,345.32,6823530.0
2026-04-08,370.29,374.3,359.235,365.9,16356897.0
2026-04-09,363.3,368.17,360.72,365.49,9245955.0
2026-04-10,375.59,378.0,369.75,370.6,13168160.0
2026-04-13,370.26,371.46,366.05,369.57,9596254.0
2026-04-14,379.04,382.16,373.22,379.89,12859543.0
2026-04-15,381.41,381.98,372.21,375.1,14955467.0
2026-04-16,368.86,370.2,360.55,363.35,26405777.0
2026-04-17,373.2,375.58,365.14,370.5,18419414.0
2026-04-20,369.22,370.07,364.25,366.24,11638318.0
2026-04-21,368.08,370.75,365.11,368.08,9808159.0
2026-04-22,371.78,387.91,370.64,387.44,16317170.0
2026-04-23,384.25,388.76,375.81,382.66,12224889.0
2026-04-24,396.14,409.49,393.85,402.46,21603584.0
2026-04-27,413.75,414.5,400.4,404.98,16561246.0
2026-04-28,392.12,397.87,384.7,392.34,14715814.0
2026-04-29,392.91,395.8474,388.18,393.83,10312967.0
2026-04-30,397.805,398.79,385.71,396.06,12788141.0
2026-05-01,393.44,403.99,392.13,397.67,9926401.0
2026-05-04,404.515,407.7,395.2,401.61,9978542.0
2026-05-05,404.595,406.129,392.6001,394.41,14578982.0
2026-05-06,402.4,419.7,400.65,419.5,17736380.0
2026-05-07,418.09,420.0,408.11,414.15,13403164.0
2026-05-08,416.95,417.0,400.88,411.68,18531181.0
2026-05-11,406.74,407.73,398.19,404.54,14679985.0
2026-05-12,397.75,402.235,386.12,397.28,18121777.0
2026-05-13,398.265,404.6799,391.47,399.8,13127828.0
2026-05-14,403.205,421.97,402.1,417.72,18577103.0
2026-05-15,406.5,409.87,398.83,404.35,11868600.0
2026-05-18,406.88,406.88,391.05,395.95,12117190.0
2026-05-19,389.51,398.875,385.06,392.61,14083037.0
2026-05-20,397.0,403.88,395.95,401.62,10254314.0
2026-05-21,399.505,411.46,399.505,407.15,8937904.0
2026-05-22,409.43,410.67,402.86,404.52,7111898.0
2026-05-26,413.12,416.49,410.07,412.32,10132013.0
2026-05-27,427.015,430.55,415.3822,422.73,14695620.0
2026-05-28,422.22,427.5969,414.71,424.86,8905841.0
2026-05-29,427.07,430.44,417.25,418.45,11232272.0
2026-06-01,424.88,449.39,422.5,435.63,18040410.0
2026-06-02,440.58,448.38,436.01,446.69,10147918.0
2026-06-03,449.99,450.1636,434.525,436.69,10245239.0
2026-06-04,430.6334,448.01,427.3,444.92,10974148.0
2026-06-05,429.77,433.9,412.79,415.17,19644166.0
2026-06-08,423.77,433.81,422.53,426.8,11245405.0
2026-06-09,430.88,438.1603,405.51,427.92,21199495.0
2026-06-10,413.955,426.32,407.7,408.75,13139680.0
2026-06-11,413.255,422.25,408.86,421.07,13826458.0
2026-06-12,420.05,426.94,417.21,423.93,10362465.0
2026-06-15,438.68,442.58,431.9286,441.4,11184889.0
2026-06-16,436.02,440.33,425.2,425.83,10943492.0
2026-06-17,434.75,442.5,431.64,432.15,10934060.0
2026-06-18,438.88,465.22,438.39,462.12,25817106.0
2026-06-22,476.09,476.79,465.17,467.67,13686194.0
2026-06-23,439.18,447.3333,434.19,436.39,20364468.0
2026-06-24,433.975,443.86,432.575,440.83,9991168.0
2026-06-25,452.9,452.9,432.44,434.99,14812545.0
2026-06-26,425.0,436.13,419.19,432.35,17974057.0
2026-06-29,437.0,456.1,431.09,455.1,14881386.0
2026-06-30,455.605,479.0,453.0,477.57,15074276.0
2026-07-01,467.67,468.51,443.47,444.23,18534838.0
2026-07-02,450.54,461.47,429.5,434.16,18424815.0
2026-07-06,447.775,460.03,445.6,451.79,12788454.0
2026-07-07,438.02,439.8,428.11,432.57,14898418.0
2026-07-08,429.0,440.49,428.75,436.98,11411248.0
2026-07-09,446.725,447.69,436.39,436.96,11455561.0
2026-07-10,438.665,439.655,428.1,434.11,9595123.0
2026-07-13,433.82,437.99,420.29,421.58,14329820.0
2026-07-14,430.87,431.055,418.86,420.39,14279000.0
2026-07-15,425.75,428.89,410.75,419.48,17012274.0
2026-07-16,405.29,415.95,403.5,409.74,24891293.0
2026-07-17,392.12,404.7,386.02,398.37,20986464.0
2026-07-20,407.705,409.89,400.08,402.3,11653638.0
2026-07-21,418.74,425.4,413.56,424.61,18210122.0
2026-07-22,414.905,424.81,414.21,421.21,10259511.0
2026-07-23,415.84,420.84,411.8,415.58,11048797.0
2026-07-24,411.345,412.92,400.8,403.41,11525123.0
2026-07-27,406.075,407.43,388.8,399.09,17932307.0
2026-07-28,385.0,395.36,381.3,392.31,18276277.0
2026-07-29,388.08,391.25,372.72,374.67,21700216.0
2026-07-30,392.49,406.77,387.6,403.31,17474236.0
2026-07-31,419.5,420.35,398.8,404.25,11956081.0
2026-08-03,400.585,407.44,398.2001,406.11,12676907.0
2026-08-04,418.0,420.25,412.11,417.17,13929095.0
2026-08-05,419.32,426.3,413.0701,414.0,12790436.0
2026-08-06,409.54,423.91,407.99,418.2,10628860.0
2026-08-07,424.79,424.79,413.1,420.04,9159559.0
2026-08-10,420.34,425.88,416.0,418.47,11776122.0
2026-08-11,424.2,424.9,418.87,422.06,9703611.0
2026-08-12,432.65,433.28,427.02,429.15,9534228.0
2026-08-13,429.15,436.04,428.3922,430.49,8194037.0
2026-08-14,429.2,429.2699,424.1,426.35,6324715.0
2026-08-17,429.97,435.71,426.8,430.97,9479386.0
2026-08-18,417.0,419.63,410.765,413.41,14030094.0
2026-08-19,418.13,419.6,407.88,412.09,8424682.0
2026-08-20,408.6,417.96,407.7183,416.0,10447899.0
2026-08-21,423.015,425.68,416.7,418.95,8947202.0
2026-08-24,413.87,414.34,405.15,410.12,10645649.0
2026-08-25,414.585,419.7695,414.03,417.41,7049839.0
2026-08-26,418.45,420.75,414.41,417.69,7449310.0
2026-08-27,423.015,429.64,420.53,427.3,12749846.0
2026-08-28,427.49,429.12,417.32,417.52,8896896.0
